PacketID,SensorGenTime_ms,ProcessingTime_ms,TransmissionTime_ms
1,0.500,0.078,0.272
2,0.056,0.003,0.084
3,0.002,0.003,0.093
4,0.002,0.002,0.098
5,0.003,0.003,0.089
6,0.002,0.003,0.071
7,0.001,0.003,0.078
8,0.001,0.005,0.083
9,0.002,0.005,0.083
10,0.001,0.004,0.069
11,0.001,0.002,0.073
12,0.001,0.004,0.099
13,0.001,0.002,0.083
14,0.002,0.001,0.159
15,0.001,0.002,0.071
16,0.001,0.002,0.074
17,0.074,0.002,0.073
18,0.002,0.002,0.074
19,0.001,0.003,0.068
20,0.002,0.002,0.069
21,0.059,0.002,0.068
22,0.001,0.002,0.080
23,0.001,0.002,0.095
24,0.002,0.002,0.117
25,0.002,0.002,0.090
26,0.002,0.002,0.104
27,0.002,0.002,0.100
28,0.001,0.003,0.251
29,0.002,0.002,0.108
30,0.002,0.003,0.109
31,0.001,0.003,0.093
32,0.002,0.001,0.096
33,0.001,0.002,0.092
34,0.001,0.003,0.098
35,0.002,0.003,0.151
36,0.001,0.002,0.092
37,0.002,0.001,0.092
38,0.001,0.002,0.093
39,0.002,0.002,0.099
40,0.001,0.002,0.095
41,0.001,0.002,0.096
42,0.038,0.002,0.099
43,0.002,0.001,0.091
44,0.002,0.003,0.113
45,0.001,0.002,0.091
46,0.001,0.002,0.099
47,0.002,0.002,0.113
48,0.001,0.002,0.166
49,0.048,0.003,0.125
50,0.001,0.002,0.115
51,0.002,0.006,0.153
52,0.002,0.003,0.133
53,0.002,0.003,0.137
54,0.002,0.004,0.136
55,0.002,0.003,0.189
56,0.003,0.006,0.391
57,0.004,0.003,0.143
58,0.003,0.006,0.158
59,0.002,0.004,0.133
60,0.002,0.004,0.148
61,0.002,0.003,0.127
62,0.002,0.003,0.127
63,0.002,0.003,0.136
64,0.003,0.003,0.149
65,0.002,0.003,0.130
66,0.002,0.003,0.154
67,0.003,0.006,0.176
68,0.002,0.003,0.197
69,0.002,0.004,0.368
70,0.003,0.004,0.289
71,0.002,0.003,0.141
72,0.051,0.004,0.139
73,0.003,0.003,0.131
74,0.003,0.006,0.156
75,0.003,0.003,0.144
76,0.002,0.004,0.133
77,0.053,0.002,0.131
78,0.002,0.003,0.115
79,0.002,0.003,0.142
80,0.002,0.003,0.135
81,0.002,0.006,0.238
82,0.002,0.003,0.137
83,0.002,0.003,0.126
84,0.002,0.003,0.133
85,0.002,0.003,0.127
86,0.002,0.003,0.128
87,0.002,0.002,0.121
88,0.002,0.003,0.242
89,0.002,0.003,0.176
90,0.002,0.003,0.133
91,0.001,0.003,0.114
92,0.002,0.002,0.212
93,0.001,0.003,0.123
94,0.002,0.003,0.120
95,0.004,0.006,0.146
96,0.002,0.003,0.120
97,0.002,0.003,0.122
98,0.003,0.003,0.115
99,0.002,0.003,0.207
100,0.002,0.003,0.119
101,0.002,0.003,0.115
102,0.050,0.002,0.178
103,0.001,0.002,0.112
104,0.003,0.002,0.136
105,0.002,0.003,0.122
106,0.002,0.003,0.366
107,0.053,0.002,0.133
108,0.005,0.003,0.221
109,0.003,0.004,0.156
110,0.002,0.003,0.129
111,0.005,0.004,0.189
112,0.002,0.003,0.186
113,0.002,0.003,0.173
114,0.002,0.003,0.124
115,0.002,0.003,0.118
116,0.002,0.003,0.112
117,0.005,0.003,0.150
118,0.002,0.003,0.210
119,0.002,0.003,0.119
120,0.003,0.003,0.208
121,0.002,0.003,0.142
122,0.003,0.002,0.128
123,0.002,0.003,0.124
124,0.004,0.006,0.559
125,0.002,0.003,0.115
126,0.002,0.003,0.176
127,0.002,0.003,0.215
128,0.002,0.003,0.133
129,0.002,0.003,0.125
130,0.052,0.003,0.132
131,0.023,0.003,0.238
132,0.002,0.002,0.124
133,0.002,0.003,0.174
134,0.002,0.003,0.124
135,0.002,0.003,0.127
136,0.002,0.003,0.121
137,0.052,0.003,0.125
138,0.004,0.007,0.225
139,0.003,0.003,0.123
140,0.004,0.006,0.181
141,0.003,0.003,0.172
142,0.003,0.003,0.361
143,0.002,0.003,0.123
144,0.002,0.003,0.175
145,0.002,0.003,0.146
146,0.001,0.002,0.172
147,0.002,0.003,0.119
148,0.002,0.003,0.119
149,0.002,0.002,0.216
150,0.002,0.003,0.116
151,0.003,0.003,0.173
152,0.001,0.002,0.119
153,0.001,0.003,0.171
154,0.004,0.006,0.180
155,0.003,0.006,0.160
156,0.002,0.003,0.174
157,0.001,0.002,0.166
158,0.053,0.002,0.162
159,0.004,0.006,0.173
160,0.002,0.003,0.194
161,0.002,0.003,0.118
162,0.002,0.003,0.121
163,0.002,0.003,0.182
164,0.002,0.003,0.115
165,0.003,0.006,0.229
166,0.002,0.003,0.175
167,0.051,0.002,0.235
168,0.002,0.003,0.582
169,0.003,0.003,0.186
170,0.003,0.006,0.173
171,0.002,0.003,0.127
172,0.002,0.003,0.127
173,0.003,0.006,0.142
174,0.004,0.007,0.214
175,0.003,0.002,0.139
176,0.003,0.003,0.132
177,0.002,0.003,0.185
178,0.002,0.003,0.158
179,0.002,0.003,0.178
180,0.002,0.003,0.193
181,0.002,0.003,0.813
182,0.002,0.003,0.128
183,0.003,0.002,0.125
184,0.002,0.004,0.143
185,0.002,0.003,0.175
186,0.002,0.003,0.147
187,0.003,0.003,0.173
188,0.137,0.006,0.178
189,0.003,0.006,0.190
190,0.002,0.004,0.182
191,0.003,0.003,0.143
192,0.057,0.006,0.843
193,0.003,0.005,0.161
194,0.004,0.006,0.214
195,0.003,0.005,0.210
196,0.002,0.004,0.267
197,0.004,0.005,0.158
198,0.003,0.004,0.257
199,0.004,0.006,0.470
200,0.003,0.006,0.181
201,0.003,0.003,0.182
202,0.004,0.006,0.185
203,0.005,0.006,1.332
204,0.003,0.005,0.181
205,0.002,0.003,0.180
206,0.004,0.006,0.232
207,0.004,0.007,0.261
208,0.010,0.003,0.247
209,0.002,0.004,0.186
210,0.004,0.006,0.589
211,0.004,0.006,0.227
212,0.004,0.006,0.302
213,0.003,0.003,0.181
214,0.002,0.003,0.156
215,0.002,0.003,0.168
216,0.004,0.006,6.102
217,0.002,0.004,6.665
218,0.002,0.006,0.243
219,0.055,0.005,0.180
220,0.003,0.005,0.569
221,0.004,0.006,0.182
222,0.057,0.006,0.183
223,0.005,0.006,0.192
224,0.002,0.004,0.290
225,0.004,0.006,0.234
226,0.003,0.003,0.747
227,0.004,0.006,0.185
228,0.002,0.003,0.178
229,0.002,0.003,0.163
230,0.002,0.003,0.185
231,0.003,0.006,0.255
232,0.004,0.006,0.183
233,0.004,0.006,0.189
234,0.005,0.003,0.511
235,0.004,0.006,0.283
236,0.002,0.003,0.188
237,0.003,0.006,0.178
238,0.002,0.003,0.180
239,0.004,0.029,0.190
240,0.004,0.006,0.194
241,0.002,0.004,0.205
242,0.004,0.007,0.225
243,0.001,0.002,0.203
244,0.002,0.003,3.028
245,0.003,0.005,0.173
246,0.002,0.006,0.496
247,0.004,0.005,0.253
248,0.002,0.003,0.184
249,0.055,0.006,0.256
250,0.002,0.003,0.190
251,0.002,0.003,0.203
252,0.050,0.003,0.178
253,0.004,0.006,0.191
254,0.003,0.005,0.182
255,0.002,0.003,0.174
256,0.002,0.003,0.196
257,0.002,0.003,0.180
258,0.003,0.003,3.298
259,0.002,0.003,0.167
260,0.003,0.006,0.414
261,0.004,0.005,0.190
262,0.003,0.002,0.178
263,0.002,0.003,0.176
264,0.003,0.006,0.182
265,0.002,0.003,0.163
266,0.003,0.006,0.189
267,0.004,0.006,0.192
268,0.002,0.003,0.221
269,0.005,0.006,0.195
270,0.003,0.006,0.198
271,0.004,0.006,0.196
272,0.004,0.006,1.301
273,0.003,0.005,0.187
274,0.003,0.005,0.188
275,0.004,0.006,0.201
276,0.005,0.007,0.187
277,0.068,0.008,0.271
278,0.003,0.006,0.254
279,0.003,0.004,0.207
280,0.055,0.003,0.185
281,0.002,0.003,0.561
282,0.002,0.003,7.206
283,0.003,0.006,0.198
284,0.003,0.004,0.118
285,0.005,0.003,0.478
286,0.004,0.006,0.590
287,0.004,0.007,0.223
288,0.006,0.008,0.235
289,0.002,0.008,0.390
290,0.003,0.004,0.216
291,0.002,0.003,0.209
292,0.005,0.007,0.250
293,0.002,0.003,0.238
294,0.005,0.008,0.222
295,0.004,0.007,0.259
296,0.004,0.007,2.190
297,0.004,0.005,2.944
298,0.004,0.007,5.417
299,0.002,0.022,0.245
300,0.004,0.005,0.216
301,0.003,0.006,0.192
302,0.004,0.006,0.237
303,0.055,0.006,0.189
304,0.006,0.007,1.222
305,0.003,0.005,0.287
306,0.004,0.007,1.167
307,0.004,0.005,0.183
308,0.003,0.005,0.195
309,0.004,0.007,0.293
310,0.004,0.006,0.198
311,0.004,0.008,0.497
312,0.002,0.004,0.189
313,0.004,0.005,0.881
314,0.005,0.005,0.197
315,0.004,0.005,0.205
316,0.004,0.006,0.246
317,0.003,0.006,1.401
318,0.002,0.004,0.253
319,0.004,0.006,0.711
320,0.002,0.003,0.692
321,0.002,0.003,0.436
322,0.004,0.007,0.207
323,0.004,0.008,0.193
324,0.003,0.003,0.329
325,0.004,0.007,0.210
326,0.004,0.007,0.222
327,0.005,0.007,0.325
328,0.075,0.007,0.225
329,0.004,0.005,0.244
330,0.005,0.006,0.192
331,0.004,0.006,0.976
332,0.002,0.003,0.225
333,0.003,0.006,3.131
334,0.052,0.003,0.269
335,0.003,0.006,0.174
336,0.003,0.005,2.257
337,0.004,0.003,0.462
338,0.005,0.006,1.770
339,0.003,0.006,0.181
340,0.005,0.003,3.893
341,0.004,0.007,2.600
342,0.001,0.002,0.446
343,0.004,0.005,1.135
344,0.004,0.003,2.006
345,0.003,0.005,0.448
346,0.005,0.006,4.098
347,0.002,0.003,1.673
348,0.002,0.003,0.571
349,0.058,0.006,0.985
350,0.004,0.006,2.270
351,0.003,0.006,0.178
352,0.005,0.006,0.185
353,0.004,0.006,0.187
354,0.003,0.005,0.417
355,0.003,0.006,0.530
356,0.054,0.006,0.194
357,0.003,0.005,0.159
358,0.003,0.003,1.470
359,0.005,0.003,0.172
360,0.002,0.003,1.743
361,0.003,0.005,0.585
362,0.005,0.006,1.403
363,0.002,0.003,1.782
364,0.004,0.006,6.495
365,0.003,0.006,0.115
366,0.004,0.006,0.267
367,0.003,0.002,15.497
368,0.004,0.006,0.377
369,0.004,0.005,0.201
370,0.001,0.001,0.105
371,0.131,0.006,0.263
372,0.005,0.008,0.246
373,0.004,0.007,0.850
374,0.004,0.006,0.391
375,0.004,0.008,1.981
376,0.003,0.003,0.241
377,0.004,0.008,3.106
378,0.001,0.002,33.832
379,0.003,0.004,0.379
380,0.004,0.006,0.692
381,0.428,0.002,0.107
382,0.001,0.002,0.083
383,0.005,0.009,0.090
384,0.002,0.001,0.079
385,0.005,0.009,0.401
386,0.004,0.004,0.079
387,0.151,0.009,0.433
388,0.002,0.002,0.247
389,0.081,0.002,0.295
390,0.001,0.001,0.152
391,0.001,0.001,0.146
392,0.004,0.005,0.573
393,0.006,0.010,0.960
394,0.006,0.010,0.313
395,0.006,0.004,0.638
396,0.003,0.007,25.224
397,0.001,0.002,0.874
398,0.005,0.004,0.123
399,0.001,0.002,0.093
400,0.001,0.001,0.113
401,0.001,0.001,1.883
402,0.001,0.001,0.169
403,0.005,0.009,3.417
404,0.005,0.009,0.568
405,0.006,0.014,3.455
406,1.601,0.002,0.394
407,0.001,0.002,0.205
408,0.001,0.002,13.237
409,0.001,0.002,2.543
410,0.001,0.001,8.373
411,0.001,0.001,0.785
412,0.001,0.001,19.748
413,0.006,0.006,10.238
414,0.312,0.006,6.031
415,0.001,0.002,6.499
416,0.003,0.007,0.900
417,0.002,0.002,0.516
418,0.004,0.004,0.218
419,0.008,0.013,0.364
420,0.001,0.219,0.194
421,0.001,0.003,2.578
422,0.001,0.002,3.582
423,0.003,0.003,2.020
424,0.007,0.009,1.431
425,0.001,0.002,1.248
426,0.004,0.010,1.351
427,0.056,0.004,0.153
428,0.004,0.005,0.181
429,0.002,0.003,0.263
430,0.004,0.007,2.760
431,0.003,0.004,4.646
432,0.005,0.009,2.010
433,0.124,0.008,0.948
434,0.005,0.010,0.886
435,0.399,0.004,0.575
436,0.003,0.005,1.912
437,0.001,0.002,4.872
438,0.003,0.004,0.401
439,0.056,0.004,0.334
440,0.005,0.008,0.340
441,0.003,0.004,0.249
442,0.004,0.004,0.296
443,0.006,0.004,0.312
444,0.005,0.008,0.757
445,0.003,0.004,0.674
446,0.004,0.006,0.280
447,0.023,0.004,3.699
448,0.002,0.003,1.555
449,0.005,0.009,4.821
450,0.001,0.004,0.495
451,0.004,0.004,0.234
452,0.003,0.005,0.236
453,0.004,0.006,0.697
454,0.002,0.004,1.011
455,0.052,0.005,0.249
456,0.002,0.004,0.814
457,0.004,0.006,0.471
458,0.004,0.006,1.403
459,0.004,0.007,0.535
460,0.004,0.007,0.226
461,0.004,0.007,3.196
462,0.004,0.006,4.004
463,0.003,0.048,1.027
464,0.002,0.004,0.445
465,0.002,0.003,0.216
466,0.001,0.002,0.174
467,0.002,0.004,1.561
468,0.006,0.006,0.915
469,0.006,0.007,0.335
470,0.008,0.009,0.362
471,0.004,0.008,1.154
472,0.003,0.005,0.576
473,0.069,0.008,0.212
474,0.004,0.008,1.833
475,0.003,0.004,0.418
476,0.003,0.004,0.359
477,0.004,0.006,0.884
478,0.005,0.006,0.236
479,0.005,0.009,0.339
480,0.004,0.008,1.289
481,0.004,0.006,2.737
482,0.004,0.005,0.608
483,0.003,0.005,0.249
484,0.001,0.002,0.292
485,0.083,0.004,0.333
486,0.003,0.004,0.175
487,0.006,0.004,0.186
488,0.002,0.004,0.349
489,0.005,0.008,8.451
490,0.002,0.003,0.350
491,0.005,0.004,0.319
492,0.003,0.004,0.415
493,0.005,0.008,0.263
494,0.007,0.010,7.736
495,0.229,0.010,0.486
496,0.006,0.010,0.413
497,0.004,0.005,5.153
498,1.587,0.004,5.856
499,0.002,0.003,1.675
500,0.002,0.003,0.262
501,0.002,0.003,1.320
502,0.006,0.009,0.927
503,0.001,0.002,21.732
504,0.001,0.002,13.444
505,0.001,0.002,1.428
506,0.001,0.002,0.270
507,0.005,0.009,0.134
508,0.001,0.003,0.865
509,0.001,0.009,0.120
510,0.005,0.006,0.200
511,0.006,0.007,0.159
512,0.001,0.002,0.098
513,0.001,0.002,0.096
514,0.053,0.001,0.129
515,0.002,0.002,0.112
516,0.001,0.001,0.103
517,0.001,0.001,0.144
518,0.001,0.001,0.111
519,0.001,0.001,0.760
520,0.003,0.004,0.095
521,0.005,0.006,2.571
522,0.002,0.002,0.514
523,0.003,0.004,0.160
524,0.004,0.008,0.303
525,0.003,0.005,0.169
526,0.002,0.004,0.167
527,0.002,0.003,0.169
528,0.004,0.006,0.153
529,0.003,0.003,0.167
530,0.002,0.003,0.142
531,0.004,0.006,0.265
532,0.002,0.002,0.155
533,0.002,0.002,0.139
534,0.002,0.003,0.304
535,0.004,0.006,0.207
536,0.002,0.004,2.792
537,0.050,0.003,0.177
538,0.002,0.003,0.188
539,0.002,0.003,0.179
540,0.001,0.003,0.166
541,0.002,0.003,0.177
542,0.050,0.002,0.166
543,0.003,0.003,0.327
544,0.002,0.003,0.222
545,0.003,0.006,0.183
546,0.004,0.007,0.209
547,0.005,0.007,0.382
548,0.004,0.005,0.138
549,0.035,0.004,0.332
550,0.003,0.003,0.294
551,0.003,0.002,0.146
552,0.003,0.004,0.317
553,0.002,0.003,0.160
554,0.002,0.004,0.135
555,0.002,0.003,0.214
556,0.003,0.003,1.093
557,0.002,0.004,0.159
558,0.002,0.005,0.151
559,0.002,0.003,0.140
560,0.002,0.003,0.143
561,0.002,0.003,0.135
562,0.002,0.003,0.163
563,0.003,0.003,0.189
564,0.002,0.003,0.141
565,0.002,0.003,0.135
566,0.002,0.003,0.137
567,0.052,0.002,0.112
568,0.047,0.003,0.112
569,0.002,0.003,0.136
570,0.002,0.003,0.196
571,0.001,0.002,0.101
572,0.001,0.002,0.110
573,0.001,0.002,0.105
574,0.001,0.002,0.118
575,0.001,0.002,0.104
576,0.001,0.002,0.092
577,0.002,0.002,0.098
578,0.001,0.002,0.088
579,0.001,0.002,0.082
580,0.001,0.002,0.093
581,0.001,0.002,0.091
582,0.001,0.002,0.082
583,0.001,0.002,0.090
584,0.001,0.002,0.108
585,0.001,0.002,0.210
586,0.002,0.003,0.097
587,0.001,0.002,0.088
588,0.001,0.002,0.083
589,0.001,0.002,0.104
590,0.001,0.002,0.101
591,0.001,0.002,0.090
592,0.001,0.002,0.080
593,0.001,0.002,0.089
594,0.001,0.002,0.080
595,0.001,0.002,0.088
596,0.001,0.002,0.088
597,0.037,0.002,0.083
598,0.037,0.002,0.094
599,0.001,0.002,0.095
600,0.001,0.002,0.096
601,0.001,0.002,0.120
602,0.001,0.002,0.107
603,0.001,0.002,0.088
604,0.002,0.001,0.095
605,0.002,0.002,0.135
606,0.001,0.002,0.123
607,0.001,0.002,0.094
608,0.002,0.002,0.106
609,0.002,0.001,0.171
610,0.001,0.002,0.100
611,0.001,0.002,0.097
612,0.001,0.002,0.079
613,0.001,0.002,0.076
614,0.002,0.002,0.073
615,0.001,0.001,0.072
616,0.001,0.001,0.073
617,0.001,0.001,0.067
618,0.001,0.001,0.068
619,0.001,0.002,0.074
620,0.001,0.002,0.070
621,0.001,0.001,0.066
622,0.001,0.002,0.080
623,0.001,0.002,0.068
624,0.001,0.001,0.067
625,0.001,0.001,0.063
626,0.035,0.001,0.079
627,0.030,0.001,0.077
628,0.001,0.001,0.069
629,0.001,0.001,0.069
630,0.001,0.002,0.067
631,0.001,0.002,0.091
632,0.001,0.002,0.066
633,0.001,0.001,0.070
634,0.001,0.002,0.068
635,0.001,0.001,0.066
636,0.001,0.001,0.065
637,0.001,0.001,0.069
638,0.002,0.001,0.072
639,0.001,0.001,0.065
640,0.001,0.001,0.070
641,0.001,0.001,0.073
642,0.001,0.001,0.068
643,0.001,0.001,0.078
644,0.001,0.001,0.072
645,0.001,0.002,0.069
646,0.001,0.001,0.077
647,0.001,0.002,0.070
648,0.001,0.001,0.072
649,0.004,0.024,0.094
650,0.003,0.004,0.078
651,0.001,0.003,0.070
652,0.001,0.001,0.069
653,0.001,0.001,0.066
654,0.033,0.001,0.065
655,0.001,0.002,0.073
656,0.001,0.001,0.072
657,0.033,0.001,0.066
658,0.001,0.001,0.067
659,0.001,0.002,0.090
660,0.001,0.002,0.083
661,0.001,0.001,0.067
662,0.001,0.001,0.073
663,0.002,0.002,0.087
664,0.001,0.001,0.073
665,0.003,0.005,0.075
666,0.001,0.002,0.066
667,0.001,0.001,0.069
668,0.001,0.001,0.074
669,0.001,0.002,0.070
670,0.001,0.001,0.068
671,0.001,0.001,0.070
672,0.002,0.001,0.065
673,0.001,0.001,0.075
674,0.002,0.001,0.111
675,0.001,0.001,0.067
676,0.001,0.002,0.068
677,0.001,0.001,0.078
678,0.001,0.001,0.065
679,0.001,0.002,0.073
680,0.001,0.001,0.074
681,0.001,0.001,0.072
682,0.033,0.002,0.069
683,0.001,0.002,0.072
684,0.001,0.001,0.081
685,0.042,0.001,0.113
686,0.001,0.001,0.069
687,0.001,0.001,0.078
688,0.001,0.001,0.079
689,0.001,0.001,0.070
690,0.001,0.001,0.075
691,0.002,0.002,0.071
692,0.001,0.001,0.066
693,0.007,0.001,0.077
694,0.001,0.002,0.070
695,0.001,0.002,0.138
696,0.001,0.002,0.079
697,0.002,0.002,0.076
698,0.001,0.002,0.089
699,0.001,0.002,0.150
700,0.003,0.002,0.079
701,0.001,0.001,0.071
702,0.001,0.001,0.082
703,0.001,0.002,0.069
704,0.002,0.001,0.072
705,0.001,0.002,0.068
706,0.001,0.002,0.082
707,0.001,0.001,0.071
708,0.001,0.001,0.076
709,0.001,0.002,0.070
710,0.001,0.001,0.074
711,0.002,0.002,0.091
712,0.033,0.002,0.075
713,0.088,0.001,0.147
714,0.001,0.002,0.079
715,0.001,0.002,0.071
716,0.001,0.001,0.067
717,0.001,0.002,0.072
718,0.001,0.002,0.073
719,0.002,0.002,0.102
720,0.001,0.001,0.078
721,0.001,0.002,0.067
722,0.001,0.001,0.066
723,0.001,0.002,0.077
724,0.001,0.001,0.072
725,0.001,0.001,0.071
726,0.001,0.001,0.064
727,0.001,0.001,0.068
728,0.001,0.001,0.062
729,0.001,0.001,0.078
730,0.002,0.001,0.070
731,0.001,0.036,0.138
732,0.001,0.002,0.075
733,0.001,0.001,0.073
734,0.001,0.001,0.070
735,0.001,0.001,0.125
736,0.001,0.001,0.071
737,0.001,0.001,0.065
738,0.034,0.001,0.069
739,0.001,0.001,0.069
740,0.001,0.001,0.065
741,0.032,0.002,0.071
742,0.001,0.001,0.176
743,0.001,0.002,0.069
744,0.001,0.001,0.071
745,0.001,0.001,0.096
746,0.001,0.001,0.069
747,0.001,0.001,0.064
748,0.002,0.001,0.076
749,0.001,0.001,0.166
750,0.003,0.005,0.071
751,0.001,0.001,0.068
752,0.001,0.001,0.120
753,0.001,0.001,0.070
754,0.001,0.002,0.065
755,0.001,0.001,0.064
756,0.001,0.002,0.070
757,0.001,0.002,0.070
758,0.001,0.001,0.069
759,0.001,0.002,0.068
760,0.001,0.008,0.120
761,0.001,0.001,0.068
762,0.001,0.001,0.066
763,0.001,0.001,0.071
764,0.001,0.001,0.065
765,0.001,0.001,0.064
766,0.001,0.001,0.067
767,0.001,0.001,0.076
768,0.037,0.001,0.067
769,0.001,0.002,0.075
770,0.001,0.001,0.076
771,0.001,0.001,0.065
772,0.001,0.001,0.066
773,0.038,0.001,0.070
774,0.001,0.001,0.126
775,0.001,0.002,0.066
776,0.001,0.001,0.071
777,0.002,0.002,0.071
778,0.001,0.001,0.065
779,0.001,0.001,0.069
780,0.002,0.001,0.068
781,0.001,0.001,0.127
782,0.002,0.002,0.065
783,0.001,0.001,0.074
784,0.002,0.001,0.067
785,0.001,0.002,0.114
786,0.001,0.001,0.066
787,0.001,0.001,0.073
788,0.001,0.001,0.072
789,0.001,0.001,0.071
790,0.001,0.001,0.068
791,0.001,0.001,0.071
792,0.001,0.001,0.105
793,0.001,0.001,0.073
794,0.001,0.001,0.069
795,0.001,0.001,0.073
796,0.001,0.001,0.070
797,0.043,0.001,0.069
798,0.002,0.001,0.074
799,0.001,0.001,0.067
800,0.001,0.001,0.075
801,0.001,0.002,0.078
802,0.036,0.001,0.069
803,0.001,0.001,0.079
804,0.001,0.002,0.072
805,0.001,0.001,0.069
806,0.001,0.001,0.080
807,0.001,0.002,0.076
808,0.002,0.001,0.075
809,0.001,0.002,0.078
810,0.001,0.002,0.200
811,0.001,0.002,0.075
812,0.001,0.002,0.069
813,0.001,0.002,0.144
814,0.001,0.001,0.069
815,0.001,0.002,0.072
816,0.001,0.002,0.076
817,0.001,0.001,0.129
818,0.001,0.002,0.078
819,0.001,0.002,0.072
820,0.001,0.002,0.085
821,0.001,0.001,0.077
822,0.001,0.002,0.070
823,0.001,0.001,0.082
824,0.001,0.001,0.121
825,0.033,0.002,0.073
826,0.001,0.001,0.082
827,0.001,0.001,0.089
828,0.001,0.002,0.134
829,0.002,0.002,0.075
830,0.001,0.001,0.070
831,0.001,0.001,0.073
832,0.001,0.001,0.067
833,0.032,0.001,0.073
834,0.002,0.002,0.090
835,0.001,0.002,0.068
836,0.001,0.002,0.080
837,0.001,0.001,0.070
838,0.001,0.002,0.105
839,0.001,0.002,0.070
840,0.001,0.001,0.070
841,0.001,0.001,0.067
842,0.001,0.001,0.073
843,0.001,0.002,0.101
844,0.001,0.002,0.085
845,0.004,0.006,0.149
846,0.001,0.002,0.103
847,0.001,0.002,0.078
848,0.001,0.002,0.091
849,0.001,0.002,0.100
850,0.001,0.002,0.110
851,0.001,0.002,0.131
852,0.001,0.002,0.098
853,0.034,0.002,0.094
854,0.002,0.003,0.098
855,0.002,0.001,0.087
856,0.001,0.002,0.074
857,0.001,0.001,0.072
858,0.001,0.001,0.072
859,0.001,0.002,0.070
860,0.001,0.001,0.065
861,0.001,0.001,0.065
862,0.001,0.001,0.084
863,0.001,0.002,0.079
864,0.001,0.002,0.070
865,0.001,0.001,0.075
866,0.032,0.001,0.070
867,0.001,0.001,0.070
868,0.001,0.001,0.069
869,0.002,0.001,0.068
870,0.001,0.002,0.072
871,0.001,0.001,0.067
872,0.006,0.006,0.205
873,0.001,0.002,0.083
874,0.001,0.002,0.126
875,0.001,0.001,0.069
876,0.001,0.001,0.067
877,0.001,0.001,0.070
878,0.001,0.001,0.063
879,0.001,0.001,0.068
880,0.001,0.001,0.069
881,0.001,0.001,0.107
882,0.033,0.001,0.067
883,0.001,0.001,0.066
884,0.001,0.001,0.072
885,0.001,0.001,0.075
886,0.001,0.001,0.065
887,0.002,0.002,0.071
888,0.001,0.001,0.075
889,0.001,0.001,0.066
890,0.001,0.001,0.066
891,0.001,0.001,0.071
892,0.001,0.001,0.068
893,0.001,0.001,0.063
894,0.033,0.001,0.066
895,0.001,0.001,0.067
896,0.001,0.002,0.071
897,0.001,0.001,0.067
898,0.001,0.001,0.067
899,0.001,0.006,0.161
900,0.001,0.002,0.070
901,0.001,0.002,0.073
902,0.001,0.001,0.069
903,0.001,0.001,0.084
904,0.001,0.002,0.081
905,0.002,0.001,0.077
906,0.002,0.002,0.072
907,0.001,0.001,0.068
908,0.001,0.001,0.079
909,0.001,0.001,0.070
910,0.033,0.002,0.185
911,0.001,0.001,0.068
912,0.001,0.001,0.067
913,0.001,0.001,0.070
914,0.037,0.001,0.073
915,0.001,0.002,0.064
916,0.001,0.001,0.063
917,0.001,0.001,0.062
918,0.001,0.002,0.068
919,0.001,0.001,0.067
920,0.001,0.001,0.069
921,0.001,0.001,0.086
922,0.001,0.001,0.069
923,0.032,0.001,0.067
924,0.001,0.047,0.128
925,0.001,0.002,0.076
926,0.001,0.002,0.072
927,0.001,0.002,0.070
928,0.001,0.002,0.069
929,0.001,0.001,0.068
930,0.001,0.001,0.072
931,0.001,0.001,0.067
932,0.001,0.001,0.070
933,0.001,0.001,0.065
934,0.001,0.001,0.072
935,0.001,0.001,0.064
936,0.001,0.001,0.068
937,0.001,0.001,0.064
938,0.067,0.002,0.102
939,0.001,0.002,0.073
940,0.001,0.002,0.069
941,0.001,0.002,0.082
942,0.002,0.001,0.081
943,0.001,0.002,0.085
944,0.001,0.002,0.075
945,0.001,0.002,0.068
946,0.001,0.001,0.067
947,0.001,0.001,0.067
948,0.001,0.001,0.072
949,0.001,0.009,0.164
950,0.001,0.001,0.071
951,0.033,0.002,0.075
952,0.001,0.002,0.071
953,0.002,0.002,0.122
954,0.001,0.002,0.079
955,0.001,0.002,0.073
956,0.001,0.002,0.099
957,0.001,0.001,0.075
958,0.001,0.002,0.072
959,0.001,0.001,0.072
960,0.001,0.001,0.065
961,0.001,0.001,0.067
962,0.001,0.001,0.072
963,0.001,0.002,0.152
964,0.001,0.002,0.065
965,0.001,0.002,0.070
966,0.033,0.001,0.076
967,0.001,0.005,0.170
968,0.001,0.002,0.068
969,0.001,0.001,0.068
970,0.001,0.002,0.067
971,0.001,0.001,0.062
972,0.001,0.001,0.063
973,0.001,0.001,0.070
974,0.001,0.001,0.066
975,0.001,0.001,0.063
976,0.001,0.002,0.186
977,0.001,0.002,0.109
978,0.001,0.002,0.081
979,0.001,0.001,0.071
980,0.001,0.002,0.086
981,0.032,0.002,0.083
982,0.001,0.001,0.072
983,0.001,0.001,0.070
984,0.001,0.001,0.064
985,0.001,0.001,0.064
986,0.001,0.001,0.074
987,0.001,0.002,0.078
988,0.001,0.001,0.070
989,0.001,0.001,0.072
990,0.001,0.001,0.065
991,0.001,0.001,0.066
992,0.001,0.001,0.108
993,0.001,0.001,0.066
994,0.001,0.001,0.072
995,0.001,0.001,0.080
996,0.001,0.001,0.066
997,0.001,0.001,0.065
998,0.033,0.002,0.079
999,0.001,0.002,0.124
1000,0.001,0.002,0.071
1001,0.001,0.002,0.090
1002,0.002,0.001,0.077
1003,0.001,0.002,0.070
1004,0.001,0.001,0.082
1005,0.001,0.001,0.074
1006,0.001,0.002,0.107
1007,0.001,0.001,0.079
1008,0.001,0.002,0.072
1009,0.032,0.001,0.070
1010,0.001,0.002,0.156
1011,0.001,0.002,0.077
1012,0.001,0.002,0.093
1013,0.001,0.002,0.095
1014,0.001,0.002,0.101
1015,0.001,0.002,0.069
1016,0.001,0.001,0.080
1017,0.001,0.002,0.202
1018,0.001,0.002,0.073
1019,0.001,0.002,0.073
1020,0.001,0.002,0.104
1021,0.001,0.002,0.077
1022,0.001,0.002,0.082
1023,0.001,0.002,0.072
1024,0.001,0.002,0.076
1025,0.001,0.002,0.072
1026,0.001,0.001,0.064
1027,0.001,0.001,0.073
1028,0.032,0.001,0.064
1029,0.001,0.001,0.063
1030,0.001,0.001,0.064
1031,0.001,0.001,0.066
1032,0.001,0.001,0.066
1033,0.001,0.001,0.069
1034,0.001,0.001,0.068
1035,0.001,0.001,0.062
1036,0.001,0.001,0.065
1037,0.001,0.001,0.069
1038,0.001,0.002,0.156
1039,0.001,0.001,0.064
1040,0.001,0.001,0.061
1041,0.001,0.001,0.062
1042,0.041,0.002,0.102
1043,0.002,0.002,0.088
1044,0.001,0.002,0.079
1045,0.001,0.001,0.080
1046,0.001,0.001,0.071
1047,0.001,0.001,0.071
1048,0.001,0.001,0.070
1049,0.001,0.001,0.198
1050,0.001,0.002,0.072
1051,0.001,0.001,0.068
1052,0.001,0.001,0.065
1053,0.001,0.001,0.062
1054,0.001,0.001,0.065
1055,0.001,0.001,0.064
1056,0.001,0.001,0.064
1057,0.031,0.001,0.066
1058,0.001,0.001,0.062
1059,0.002,0.002,0.072
1060,0.001,0.001,0.064
1061,0.001,0.001,0.063
1062,0.001,0.001,0.065
1063,0.001,0.002,0.121
1064,0.001,0.001,0.082
1065,0.001,0.002,0.083
1066,0.001,0.001,0.086
1067,0.001,0.002,0.109
1068,0.001,0.002,0.076
1069,0.001,0.002,0.085
1070,0.001,0.002,0.129
1071,0.002,0.002,0.087
1072,0.002,0.002,0.081
1073,0.034,0.002,0.091
1074,0.001,0.002,0.070
1075,0.001,0.002,0.075
1076,0.001,0.002,0.076
1077,0.001,0.002,0.093
1078,0.001,0.009,0.125
1079,0.001,0.002,0.083
1080,0.001,0.002,0.074
1081,0.002,0.001,0.074
1082,0.001,0.001,0.070
1083,0.001,0.002,0.065
1084,0.032,0.001,0.085
1085,0.001,0.002,0.070
1086,0.001,0.001,0.084
1087,0.001,0.001,0.084
1088,0.001,0.002,0.154
1089,0.002,0.002,0.082
1090,0.001,0.002,0.078
1091,0.001,0.008,0.079
1092,0.001,0.002,0.075
1093,0.001,0.001,0.090
1094,0.001,0.001,0.077
1095,0.001,0.001,0.079
1096,0.001,0.001,0.069
1097,0.001,0.002,0.075
1098,0.001,0.001,0.083
1099,0.080,0.002,0.139
1100,0.001,0.002,0.068
1101,0.001,0.001,0.070
1102,0.001,0.001,0.078
1103,0.001,0.001,0.080
1104,0.001,0.002,0.077
1105,0.001,0.001,0.072
1106,0.001,0.002,0.164
1107,0.001,0.002,0.076
1108,0.001,0.001,0.072
1109,0.001,0.002,0.074
1110,0.001,0.002,0.126
1111,0.001,0.002,0.077
1112,0.032,0.002,0.077
1113,0.002,0.001,0.079
1114,0.001,0.001,0.069
1115,0.001,0.001,0.082
1116,0.001,0.002,0.074
1117,0.001,0.001,0.066
1118,0.001,0.001,0.074
1119,0.001,0.001,0.073
1120,0.001,0.010,0.140
1121,0.001,0.002,0.071
1122,0.001,0.001,0.066
1123,0.001,0.001,0.069
1124,0.001,0.002,0.083
1125,0.001,0.001,0.068
1126,0.001,0.002,0.064
1127,0.001,0.001,0.067
1128,0.001,0.001,0.069
1129,0.032,0.001,0.062
1130,0.001,0.001,0.071
1131,0.001,0.001,0.065
1132,0.001,0.001,0.060
1133,0.001,0.001,0.068
1134,0.001,0.001,0.080
1135,0.001,0.001,0.067
1136,0.002,0.002,0.065
1137,0.001,0.001,0.065
1138,0.001,0.001,0.064
1139,0.001,0.001,0.066
1140,0.001,0.001,0.068
1141,0.001,0.001,0.065
1142,0.045,0.001,0.062
1143,0.001,0.001,0.066
1144,0.001,0.001,0.085
1145,0.001,0.002,0.076
1146,0.002,0.002,0.071
1147,0.001,0.002,0.068
1148,0.001,0.001,0.067
1149,0.001,0.001,0.066
1150,0.001,0.001,0.063
1151,0.001,0.001,0.085
1152,0.002,0.002,0.076
1153,0.001,0.001,0.072
1154,0.001,0.001,0.067
1155,0.001,0.002,0.072
1156,0.042,0.009,0.163
1157,0.001,0.001,0.070
1158,0.001,0.001,0.069
1159,0.001,0.001,0.071
1160,0.001,0.026,0.115
1161,0.033,0.002,0.075
1162,0.001,0.001,0.067
1163,0.001,0.001,0.065
1164,0.001,0.001,0.065
1165,0.002,0.001,0.067
1166,0.001,0.002,0.079
1167,0.001,0.001,0.072
1168,0.001,0.001,0.073
1169,0.001,0.001,0.081
1170,0.001,0.002,0.247
1171,0.001,0.002,0.088
1172,0.033,0.002,0.073
1173,0.001,0.001,0.082
1174,0.001,0.002,0.109
1175,0.002,0.002,0.078
1176,0.001,0.002,0.074
1177,0.001,0.001,0.077
1178,0.001,0.001,0.079
1179,0.001,0.001,0.076
1180,0.001,0.002,0.068
1181,0.007,0.002,0.153
1182,0.001,0.001,0.065
1183,0.001,0.001,0.080
1184,0.001,0.001,0.073
1185,0.001,0.002,0.116
1186,0.001,0.002,0.071
1187,0.001,0.001,0.072
1188,0.001,0.001,0.065
1189,0.032,0.001,0.062
1190,0.001,0.002,0.067
1191,0.001,0.001,0.066
1192,0.001,0.001,0.065
1193,0.001,0.001,0.072
1194,0.001,0.001,0.069
1195,0.001,0.001,0.076
1196,0.001,0.001,0.068
1197,0.001,0.002,0.070
1198,0.034,0.001,0.070
1199,0.001,0.001,0.062
1200,0.001,0.001,0.071
1201,0.001,0.002,0.069
1202,0.001,0.001,0.072
1203,0.001,0.002,0.172
1204,0.001,0.002,0.068
1205,0.001,0.001,0.083
1206,0.001,0.001,0.071
1207,0.001,0.001,0.071
1208,0.001,0.001,0.086
1209,0.001,0.001,0.074
1210,0.001,0.001,0.066
1211,0.001,0.001,0.063
1212,0.001,0.001,0.072
1213,0.001,0.001,0.073
1214,0.001,0.001,0.069
1215,0.032,0.001,0.093
1216,0.001,0.001,0.076
1217,0.001,0.002,0.118
1218,0.001,0.002,0.071
1219,0.001,0.001,0.067
1220,0.001,0.001,0.067
1221,0.001,0.001,0.070
1222,0.001,0.001,0.062
1223,0.001,0.001,0.074
1224,0.001,0.001,0.064
1225,0.001,0.001,0.066
1226,0.035,0.001,0.077
1227,0.001,0.002,0.068
1228,0.001,0.001,0.068
1229,0.001,0.002,0.069
1230,0.001,0.002,0.069
1231,0.001,0.002,0.158
1232,0.002,0.001,0.079
1233,0.001,0.001,0.081
1234,0.001,0.002,0.078
1235,0.001,0.001,0.069
1236,0.001,0.002,0.086
1237,0.001,0.002,0.090
1238,0.001,0.002,0.098
1239,0.001,0.002,0.079
1240,0.001,0.001,0.082
1241,0.001,0.002,0.089
1242,0.002,0.002,0.074
1243,0.001,0.002,0.077
1244,0.001,0.002,0.074
1245,0.033,0.001,0.085
1246,0.001,0.001,0.069
1247,0.001,0.001,0.076
1248,0.001,0.002,0.073
1249,0.001,0.006,0.096
1250,0.001,0.002,0.082
1251,0.002,0.002,0.121
1252,0.001,0.002,0.109
1253,0.001,0.001,0.161
1254,0.032,0.002,0.072
1255,0.001,0.001,0.074
1256,0.001,0.001,0.075
1257,0.001,0.001,0.072
1258,0.001,0.001,0.071
1259,0.001,0.001,0.071
1260,0.001,0.001,0.132
1261,0.001,0.002,0.236
1262,0.003,0.005,0.198
1263,0.001,0.002,0.178
1264,0.001,0.002,0.088
1265,0.001,0.001,0.072
1266,0.001,0.001,0.081
1267,0.001,0.002,0.138
1268,0.001,0.002,0.079
1269,0.001,0.002,0.076
1270,0.001,0.002,0.081
1271,0.002,0.001,0.078
1272,0.033,0.002,0.073
1273,0.002,0.002,0.085
1274,0.001,0.008,0.133
1275,0.001,0.002,0.072
1276,0.001,0.002,0.072
1277,0.001,0.001,0.076
1278,0.001,0.002,0.250
1279,0.001,0.001,0.080
1280,0.001,0.002,0.077
1281,0.047,0.002,0.143
1282,0.001,0.001,0.074
1283,0.001,0.002,0.076
1284,0.001,0.001,0.082
1285,0.002,0.001,0.072
1286,0.001,0.001,0.073
1287,0.001,0.001,0.089
1288,0.001,0.002,0.089
1289,0.001,0.001,0.064
1290,0.001,0.001,0.080
1291,0.001,0.002,0.077
1292,0.001,0.001,0.072
1293,0.001,0.002,0.077
1294,0.001,0.001,0.072
1295,0.001,0.002,0.071
1296,0.001,0.001,0.070
1297,0.002,0.001,0.064
1298,0.001,0.001,0.083
1299,0.001,0.001,0.075
1300,0.031,0.001,0.073
1301,0.001,0.001,0.068
1302,0.002,0.002,0.083
1303,0.001,0.001,0.073
1304,0.001,0.002,0.074
1305,0.001,0.002,0.072
1306,0.001,0.001,0.069
1307,0.001,0.001,0.063
1308,0.001,0.001,0.066
1309,0.001,0.001,0.076
1310,0.001,0.001,0.072
1311,0.031,0.001,0.074
1312,0.001,0.001,0.092
1313,0.001,0.002,0.172
1314,0.001,0.001,0.068
1315,0.001,0.001,0.064
1316,0.001,0.001,0.093
1317,0.001,0.002,0.179
1318,0.001,0.001,0.082
1319,0.001,0.002,0.074
1320,0.001,0.002,0.070
1321,0.001,0.001,0.065
1322,0.001,0.002,0.080
1323,0.001,0.002,0.078
1324,0.001,0.002,0.077
1325,0.002,0.002,0.100
1326,0.001,0.002,0.093
1327,0.001,0.002,0.086
1328,0.001,0.001,0.069
1329,0.001,0.001,0.067
1330,0.032,0.001,0.071
1331,0.002,0.001,0.097
1332,0.001,0.001,0.066
1333,0.001,0.001,0.064
1334,0.002,0.001,0.078
1335,0.001,0.002,0.079
1336,0.001,0.002,0.072
1337,0.001,0.001,0.076
1338,0.001,0.002,0.158
1339,0.001,0.001,0.073
1340,0.001,0.001,0.074
1341,0.001,0.001,0.069
1342,0.126,0.002,0.070
1343,0.001,0.001,0.066
1344,0.001,0.001,0.067
1345,0.001,0.002,0.065
1346,0.001,0.001,0.069
1347,0.001,0.001,0.077
1348,0.002,0.002,0.072
1349,0.001,0.001,0.067
1350,0.001,0.002,0.069
1351,0.001,0.001,0.090
1352,0.001,0.001,0.069
1353,0.001,0.001,0.070
1354,0.001,0.001,0.075
1355,0.001,0.001,0.075
1356,0.001,0.002,0.175
1357,0.002,0.002,0.069
1358,0.001,0.002,0.079
1359,0.002,0.001,0.071
1360,0.033,0.002,0.064
1361,0.001,0.002,0.067
1362,0.001,0.002,0.090
1363,0.001,0.002,0.093
1364,0.001,0.002,0.076
1365,0.001,0.002,0.071
1366,0.001,0.002,0.089
1367,0.032,0.001,0.076
1368,0.001,0.002,0.081
1369,0.001,0.002,0.083
1370,0.001,0.002,0.113
1371,0.002,0.002,0.085
1372,0.001,0.002,0.087
1373,0.001,0.001,0.078
1374,0.001,0.010,0.138
1375,0.001,0.001,0.083
1376,0.001,0.002,0.076
1377,0.001,0.002,0.085
1378,0.001,0.002,0.079
1379,0.001,0.002,0.085
1380,0.001,0.002,0.088
1381,0.001,0.002,0.176
1382,0.001,0.002,0.074
1383,0.003,0.006,0.256
1384,0.002,0.004,0.118
1385,0.002,0.003,0.099
1386,0.001,0.002,0.077
1387,0.001,0.002,0.088
1388,0.001,0.002,0.091
1389,0.001,0.001,0.073
1390,0.001,0.002,0.093
1391,0.002,0.002,0.087
1392,0.033,0.002,0.147
1393,0.030,0.001,0.072
1394,0.001,0.002,0.077
1395,0.001,0.002,0.090
1396,0.001,0.001,0.068
1397,0.001,0.002,0.086
1398,0.001,0.002,0.076
1399,0.001,0.008,0.134
1400,0.001,0.002,0.080
1401,0.002,0.002,0.087
1402,0.001,0.002,0.082
1403,0.001,0.001,0.068
1404,0.001,0.001,0.066
1405,0.002,0.001,0.082
1406,0.001,0.002,0.077
1407,0.001,0.002,0.084
1408,0.001,0.001,0.080
1409,0.001,0.002,0.079
1410,0.001,0.001,0.069
1411,0.001,0.001,0.079
1412,0.001,0.002,0.081
1413,0.001,0.002,0.083
1414,0.001,0.001,0.078
1415,0.002,0.002,0.069
1416,0.001,0.002,0.086
1417,0.001,0.046,0.139
1418,0.001,0.002,0.069
1419,0.001,0.001,0.080
1420,0.001,0.001,0.069
1421,0.001,0.001,0.080
1422,0.001,0.002,0.094
1423,0.035,0.001,0.088
1424,0.031,0.002,0.105
1425,0.001,0.001,0.066
1426,0.001,0.001,0.082
1427,0.002,0.002,0.069
1428,0.001,0.009,0.123
1429,0.001,0.001,0.067
1430,0.001,0.001,0.067
1431,0.001,0.001,0.070
1432,0.002,0.001,0.064
1433,0.001,0.001,0.064
1434,0.001,0.002,0.101
1435,0.001,0.002,0.070
1436,0.001,0.001,0.073
1437,0.001,0.002,0.077
1438,0.001,0.001,0.103
1439,0.002,0.002,0.085
1440,0.001,0.002,0.073
1441,0.001,0.002,0.087
1442,0.001,0.036,0.089
1443,0.001,0.002,0.075
1444,0.001,0.001,0.078
1445,0.001,0.001,0.073
1446,0.001,0.001,0.066
1447,0.001,0.001,0.067
1448,0.001,0.001,0.071
1449,0.001,0.002,0.160
1450,0.001,0.002,0.067
1451,0.001,0.001,0.084
1452,0.001,0.002,0.084
1453,0.032,0.001,0.093
1454,0.029,0.001,0.073
1455,0.001,0.002,0.077
1456,0.008,0.001,0.118
1457,0.002,0.001,0.071
1458,0.001,0.002,0.081
1459,0.001,0.001,0.070
1460,0.001,0.001,0.068
1461,0.001,0.001,0.069
1462,0.001,0.001,0.068
1463,0.001,0.001,0.076
1464,0.001,0.001,0.069
1465,0.001,0.001,0.070
1466,0.001,0.001,0.069
1467,0.001,0.008,0.144
1468,0.001,0.001,0.070
1469,0.001,0.001,0.070
1470,0.001,0.001,0.068
1471,0.001,0.001,0.066
1472,0.001,0.002,0.074
1473,0.001,0.001,0.070
1474,0.001,0.002,0.149
1475,0.001,0.001,0.068
1476,0.001,0.002,0.066
1477,0.001,0.001,0.067
1478,0.001,0.002,0.064
1479,0.001,0.001,0.063
1480,0.001,0.001,0.081
1481,0.032,0.001,0.083
1482,0.031,0.002,0.075
1483,0.001,0.002,0.079
1484,0.001,0.002,0.072
1485,0.001,0.001,0.200
1486,0.001,0.002,0.075
1487,0.002,0.002,0.070
1488,0.001,0.001,0.071
1489,0.001,0.002,0.068
1490,0.001,0.001,0.063
1491,0.001,0.001,0.067
1492,0.001,0.002,0.061
1493,0.001,0.001,0.076
1494,0.001,0.001,0.067
1495,0.008,0.002,0.116
1496,0.001,0.001,0.070
1497,0.001,0.002,0.069
1498,0.001,0.002,0.067
1499,0.001,0.001,0.065
1500,0.001,0.007,0.063
1501,0.001,0.002,0.074
1502,0.001,0.001,0.070
1503,0.001,0.001,0.172
1504,0.001,0.002,0.068
1505,0.001,0.002,0.069
1506,0.001,0.001,0.068
1507,0.001,0.001,0.067
1508,0.032,0.001,0.064
1509,0.030,0.001,0.075
1510,0.001,0.001,0.068
1511,0.001,0.001,0.074
1512,0.001,0.001,0.072
1513,0.001,0.001,0.072
1514,0.001,0.001,0.067
1515,0.001,0.001,0.070
1516,0.001,0.002,0.080
1517,0.001,0.001,0.070
1518,0.001,0.001,0.071
1519,0.001,0.001,0.073
1520,0.001,0.001,0.073
1521,0.001,0.001,0.065
1522,0.001,0.002,0.075
1523,0.001,0.001,0.065
1524,0.001,0.001,0.064
1525,0.001,0.001,0.062
1526,0.001,0.002,0.064
1527,0.001,0.001,0.062
1528,0.001,0.001,0.062
1529,0.001,0.001,0.061
1530,0.001,0.001,0.067
1531,0.001,0.001,0.065
1532,0.001,0.001,0.073
1533,0.001,0.001,0.070
1534,0.032,0.002,0.090
1535,0.031,0.001,0.065
1536,0.001,0.001,0.071
1537,0.001,0.002,0.075
1538,0.001,0.001,0.108
1539,0.001,0.001,0.069
1540,0.001,0.001,0.067
1541,0.001,0.001,0.069
1542,0.001,0.008,0.170
1543,0.001,0.002,0.074
1544,0.001,0.001,0.084
1545,0.001,0.002,0.079
1546,0.001,0.001,0.072
1547,0.001,0.001,0.068
1548,0.001,0.001,0.076
1549,0.001,0.002,0.168
1550,0.001,0.002,0.073
1551,0.001,0.002,0.072
1552,0.001,0.001,0.080
1553,0.002,0.001,0.067
1554,0.001,0.002,0.077
1555,0.001,0.001,0.074
1556,0.001,0.009,0.150
1557,0.001,0.002,0.073
1558,0.001,0.001,0.076
1559,0.001,0.001,0.070
1560,0.001,0.001,0.192
1561,0.001,0.002,0.071
1562,0.001,0.001,0.075
1563,0.033,0.002,0.070
1564,0.001,0.001,0.071
1565,0.001,0.001,0.080
1566,0.031,0.001,0.073
1567,0.001,0.001,0.124
1568,0.001,0.001,0.072
1569,0.001,0.001,0.071
1570,0.001,0.001,0.071
1571,0.001,0.001,0.061
1572,0.001,0.001,0.071
1573,0.001,0.001,0.071
1574,0.001,0.001,0.065
1575,0.001,0.002,0.091
1576,0.001,0.002,0.069
1577,0.001,0.001,0.079
1578,0.001,0.001,0.069
1579,0.001,0.001,0.064
1580,0.001,0.002,0.066
1581,0.006,0.002,0.147
1582,0.001,0.001,0.066
1583,0.001,0.002,0.067
1584,0.001,0.001,0.065
1585,0.001,0.011,0.063
1586,0.001,0.001,0.077
1587,0.001,0.002,0.074
1588,0.002,0.001,0.085
1589,0.001,0.001,0.079
1590,0.001,0.001,0.074
1591,0.033,0.001,0.068
1592,0.001,0.046,0.143
1593,0.001,0.001,0.063
1594,0.032,0.001,0.065
1595,0.001,0.001,0.080
1596,0.001,0.001,0.066
1597,0.002,0.002,0.072
1598,0.001,0.001,0.071
1599,0.001,0.002,0.194
1600,0.001,0.001,0.070
1601,0.001,0.001,0.075
1602,0.001,0.001,0.067
1603,0.001,0.001,0.063
1604,0.001,0.002,0.069
1605,0.001,0.001,0.087
1606,0.001,0.001,0.085
1607,0.001,0.002,0.078
1608,0.001,0.002,0.076
1609,0.001,0.001,0.082
1610,0.001,0.001,0.066
1611,0.001,0.002,0.066
1612,0.001,0.001,0.079
1613,0.001,0.002,0.073
1614,0.001,0.002,0.068
1615,0.001,0.001,0.082
1616,0.002,0.001,0.071
1617,0.001,0.002,0.068
1618,0.001,0.001,0.079
1619,0.001,0.002,0.075
1620,0.001,0.001,0.066
1621,0.033,0.001,0.065
1622,0.031,0.001,0.080
1623,0.001,0.001,0.075
1624,0.001,0.002,0.138
1625,0.001,0.001,0.073
1626,0.001,0.002,0.065
1627,0.001,0.002,0.120
1628,0.001,0.001,0.067
1629,0.001,0.001,0.064
1630,0.001,0.001,0.070
1631,0.001,0.001,0.068
1632,0.001,0.001,0.063
1633,0.001,0.001,0.081
1634,0.001,0.001,0.068
1635,0.001,0.001,0.158
1636,0.001,0.001,0.064
1637,0.001,0.001,0.072
1638,0.001,0.001,0.070
1639,0.001,0.001,0.069
1640,0.001,0.001,0.063
1641,0.001,0.001,0.072
1642,0.001,0.001,0.067
1643,0.001,0.001,0.076
1644,0.001,0.001,0.071
1645,0.001,0.002,0.096
1646,0.001,0.002,0.076
1647,0.001,0.002,0.067
1648,0.001,0.001,0.089
1649,0.001,0.002,0.063
1650,0.032,0.002,0.064
1651,0.030,0.001,0.074
1652,0.001,0.001,0.075
1653,0.001,0.001,0.071
1654,0.001,0.001,0.066
1655,0.001,0.001,0.068
1656,0.001,0.002,0.149
1657,0.001,0.001,0.072
1658,0.001,0.002,0.066
1659,0.001,0.001,0.076
1660,0.001,0.001,0.065
1661,0.001,0.001,0.062
1662,0.001,0.001,0.069
1663,0.001,0.002,0.221
1664,0.001,0.001,0.066
1665,0.001,0.001,0.072
1666,0.001,0.001,0.069
1667,0.001,0.002,0.097
1668,0.001,0.001,0.065
1669,0.001,0.001,0.072
1670,0.001,0.001,0.069
1671,0.001,0.001,0.063
1672,0.001,0.001,0.066
1673,0.001,0.001,0.064
1674,0.001,0.002,0.107
1675,0.001,0.001,0.069
1676,0.007,0.001,0.073
1677,0.001,0.001,0.075
1678,0.032,0.001,0.067
1679,0.001,0.002,0.066
1680,0.001,0.001,0.073
1681,0.077,0.002,0.119
1682,0.002,0.002,0.067
1683,0.001,0.001,0.077
1684,0.001,0.001,0.069
1685,0.001,0.001,0.064
1686,0.001,0.001,0.070
1687,0.001,0.001,0.075
1688,0.001,0.001,0.071
1689,0.001,0.001,0.063
1690,0.001,0.001,0.064
1691,0.001,0.002,0.080
1692,0.001,0.001,0.069
1693,0.001,0.001,0.074
1694,0.002,0.002,0.065
1695,0.001,0.002,0.064
1696,0.001,0.001,0.068
1697,0.001,0.001,0.062
1698,0.001,0.001,0.065
1699,0.001,0.002,0.133
1700,0.001,0.001,0.066
1701,0.001,0.001,0.065
1702,0.001,0.001,0.073
1703,0.001,0.001,0.084
1704,0.001,0.002,0.068
1705,0.001,0.001,0.073
1706,0.001,0.002,0.106
1707,0.001,0.001,0.069
1708,0.032,0.001,0.065
1709,0.001,0.001,0.074
1710,0.001,0.001,0.072
1711,0.031,0.001,0.071
1712,0.001,0.001,0.071
1713,0.001,0.001,0.073
1714,0.001,0.001,0.066
1715,0.001,0.001,0.065
1716,0.001,0.001,0.069
1717,0.001,0.002,0.204
1718,0.002,0.002,0.085
1719,0.001,0.001,0.070
1720,0.001,0.002,0.130
1721,0.001,0.001,0.067
1722,0.001,0.001,0.064
1723,0.001,0.002,0.072
1724,0.001,0.001,0.066
1725,0.001,0.001,0.066
1726,0.001,0.002,0.083
1727,0.001,0.002,0.069
1728,0.001,0.002,0.084
1729,0.001,0.001,0.073
1730,0.001,0.002,0.084
1731,0.055,0.002,0.145
1732,0.001,0.002,0.079
1733,0.001,0.001,0.075
1734,0.001,0.001,0.070
1735,0.001,0.001,0.066
1736,0.001,0.001,0.064
1737,0.001,0.001,0.074
1738,0.032,0.001,0.069
1739,0.001,0.001,0.064
1740,0.001,0.001,0.070
1741,0.031,0.002,0.076
1742,0.002,0.001,0.065
1743,0.001,0.002,0.086
1744,0.001,0.002,0.080
1745,0.001,0.001,0.068
1746,0.001,0.001,0.074
1747,0.001,0.002,0.083
1748,0.001,0.001,0.078
1749,0.001,0.001,0.065
1750,0.001,0.001,0.072
1751,0.001,0.001,0.071
1752,0.001,0.001,0.067
1753,0.001,0.001,0.061
1754,0.001,0.001,0.061
1755,0.001,0.001,0.061
1756,0.002,0.001,0.156
1757,0.001,0.002,0.085
1758,0.001,0.001,0.078
1759,0.001,0.002,0.066
1760,0.001,0.001,0.061
1761,0.001,0.001,0.062
1762,0.001,0.001,0.063
1763,0.001,0.001,0.064
1764,0.001,0.001,0.063
1765,0.001,0.001,0.063
1766,0.032,0.001,0.063
1767,0.001,0.001,0.066
1768,0.001,0.002,0.073
1769,0.002,0.002,0.085
1770,0.001,0.002,0.094
1771,0.031,0.001,0.069
1772,0.001,0.001,0.074
1773,0.001,0.001,0.080
1774,0.001,0.002,0.155
1775,0.001,0.002,0.070
1776,0.001,0.001,0.068
1777,0.001,0.001,0.065
1778,0.001,0.001,0.062
1779,0.001,0.001,0.069
1780,0.001,0.001,0.069
1781,0.001,0.001,0.131
1782,0.001,0.001,0.068
1783,0.001,0.001,0.067
1784,0.001,0.001,0.064
1785,0.001,0.002,0.178
1786,0.001,0.001,0.068
1787,0.001,0.002,0.072
1788,0.001,0.001,0.075
1789,0.001,0.001,0.071
1790,0.001,0.001,0.067
1791,0.001,0.001,0.067
1792,0.070,0.001,0.083
1793,0.001,0.001,0.066
1794,0.001,0.001,0.074
1795,0.001,0.001,0.069
1796,0.001,0.001,0.063
1797,0.001,0.001,0.066
1798,0.001,0.001,0.073
1799,0.001,0.001,0.122
1800,0.001,0.001,0.067
1801,0.030,0.001,0.064
1802,0.001,0.001,0.066
1803,0.001,0.001,0.068
1804,0.001,0.001,0.070
1805,0.001,0.001,0.065
1806,0.002,0.001,0.147
1807,0.001,0.001,0.065
1808,0.001,0.001,0.064
1809,0.001,0.001,0.072
1810,0.001,0.001,0.077
1811,0.001,0.001,0.065
1812,0.001,0.001,0.064
1813,0.001,0.001,0.080
1814,0.001,0.002,0.065
1815,0.001,0.001,0.068
1816,0.001,0.001,0.066
1817,0.001,0.001,0.063
1818,0.001,0.001,0.067
1819,0.001,0.001,0.077
1820,0.001,0.001,0.156
1821,0.001,0.002,0.074
1822,0.033,0.001,0.066
1823,0.001,0.001,0.064
1824,0.001,0.001,0.139
1825,0.001,0.002,0.080
1826,0.001,0.001,0.067
1827,0.001,0.001,0.069
1828,0.001,0.001,0.065
1829,0.031,0.001,0.065
1830,0.001,0.001,0.072
1831,0.001,0.001,0.062
1832,0.001,0.001,0.064
1833,0.001,0.001,0.063
1834,0.001,0.001,0.062
1835,0.001,0.001,0.130
1836,0.001,0.002,0.076
1837,0.001,0.002,0.071
1838,0.001,0.001,0.071
1839,0.001,0.001,0.066
1840,0.001,0.002,0.062
1841,0.001,0.001,0.077
1842,0.001,0.002,0.169
1843,0.001,0.002,0.071
1844,0.001,0.002,0.072
1845,0.001,0.002,0.064
1846,0.001,0.001,0.062
1847,0.001,0.001,0.064
1848,0.001,0.001,0.075
1849,0.001,0.002,0.111
1850,0.001,0.001,0.077
1851,0.001,0.001,0.076
1852,0.001,0.002,0.083
1853,0.001,0.002,0.076
1854,0.001,0.002,0.068
1855,0.032,0.001,0.075
1856,0.001,0.002,0.145
1857,0.001,0.001,0.068
1858,0.032,0.001,0.064
1859,0.001,0.001,0.069
1860,0.001,0.001,0.062
1861,0.001,0.001,0.062
1862,0.001,0.001,0.064
1863,0.001,0.001,0.061
1864,0.001,0.001,0.067
1865,0.002,0.001,0.061
1866,0.001,0.001,0.074
1867,0.001,0.001,0.072
1868,0.001,0.001,0.065
1869,0.001,0.001,0.067
1870,0.001,0.001,0.065
1871,0.001,0.001,0.059
1872,0.001,0.001,0.060
1873,0.001,0.001,0.061
1874,0.001,0.001,0.098
1875,0.001,0.001,0.061
1876,0.001,0.001,0.066
1877,0.001,0.001,0.069
1878,0.001,0.001,0.163
1879,0.001,0.001,0.062
1880,0.001,0.002,0.074
1881,0.033,0.001,0.069
1882,0.001,0.001,0.063
1883,0.001,0.001,0.077
1884,0.001,0.002,0.067
1885,0.001,0.001,0.068
1886,0.001,0.001,0.062
1887,0.001,0.001,0.065
1888,0.001,0.001,0.152
1889,0.001,0.001,0.061
1890,0.032,0.001,0.067
1891,0.001,0.001,0.067
1892,0.001,0.002,0.160
1893,0.001,0.001,0.084
1894,0.001,0.001,0.073
1895,0.001,0.001,0.076
1896,0.001,0.001,0.068
1897,0.001,0.001,0.064
1898,0.001,0.002,0.067
1899,0.001,0.001,0.067
1900,0.001,0.001,0.075
1901,0.001,0.002,0.070
1902,0.001,0.001,0.063
1903,0.001,0.001,0.061
1904,0.001,0.001,0.071
1905,0.001,0.001,0.072
1906,0.002,0.001,0.176
1907,0.001,0.002,0.070
1908,0.001,0.002,0.085
1909,0.001,0.001,0.070
1910,0.001,0.001,0.066
1911,0.032,0.001,0.063
1912,0.001,0.002,0.073
1913,0.001,0.001,0.065
1914,0.001,0.001,0.064
1915,0.001,0.001,0.075
1916,0.001,0.001,0.068
1917,0.001,0.001,0.063
1918,0.001,0.001,0.076
1919,0.001,0.001,0.073
1920,0.050,0.002,0.122
1921,0.001,0.001,0.072
1922,0.001,0.001,0.091
1923,0.001,0.001,0.068
1924,0.001,0.001,0.089
1925,0.001,0.002,0.074
1926,0.001,0.002,0.066
1927,0.001,0.001,0.066
1928,0.001,0.001,0.062
1929,0.001,0.002,0.065
1930,0.001,0.001,0.074
1931,0.001,0.002,0.069
1932,0.001,0.001,0.066
1933,0.001,0.001,0.074
1934,0.001,0.001,0.070
1935,0.001,0.001,0.062
1936,0.001,0.001,0.073
1937,0.001,0.001,0.078
1938,0.001,0.001,0.170
1939,0.031,0.001,0.066
1940,0.001,0.001,0.066
1941,0.001,0.001,0.076
1942,0.001,0.001,0.068
1943,0.001,0.001,0.070
1944,0.001,0.001,0.074
1945,0.001,0.001,0.069
1946,0.001,0.001,0.063
1947,0.001,0.002,0.073
1948,0.001,0.002,0.068
1949,0.001,0.001,0.066
1950,0.031,0.001,0.064
1951,0.001,0.001,0.073
1952,0.001,0.001,0.069
1953,0.001,0.001,0.064
1954,0.001,0.001,0.062
1955,0.001,0.001,0.062
1956,0.002,0.001,0.147
1957,0.001,0.001,0.067
1958,0.001,0.001,0.068
1959,0.001,0.002,0.074
1960,0.001,0.001,0.064
1961,0.001,0.001,0.080
1962,0.001,0.001,0.070
1963,0.001,0.001,0.072
1964,0.001,0.001,0.070
1965,0.001,0.002,0.067
1966,0.001,0.001,0.071
1967,0.001,0.009,0.120
1968,0.001,0.001,0.066
1969,0.001,0.001,0.071
1970,0.001,0.001,0.072
1971,0.032,0.001,0.066
1972,0.001,0.001,0.070
1973,0.001,0.002,0.074
1974,0.001,0.001,0.076
1975,0.001,0.001,0.072
1976,0.002,0.001,0.074
1977,0.001,0.001,0.072
1978,0.001,0.001,0.069
1979,0.001,0.001,0.068
1980,0.031,0.001,0.072
1981,0.001,0.001,0.076
1982,0.001,0.001,0.065
1983,0.001,0.001,0.071
1984,0.001,0.001,0.068
1985,0.001,0.001,0.062
1986,0.001,0.001,0.067
1987,0.001,0.001,0.064
1988,0.001,0.001,0.069
1989,0.001,0.001,0.066
1990,0.001,0.001,0.082
1991,0.001,0.001,0.064
1992,0.001,0.043,0.120
1993,0.001,0.002,0.069
1994,0.001,0.001,0.075
1995,0.001,0.001,0.069
1996,0.001,0.001,0.070
1997,0.001,0.001,0.069
1998,0.001,0.001,0.067
1999,0.054,0.002,0.154
2000,0.001,0.001,0.068
2001,0.001,0.002,0.076
2002,0.001,0.001,0.070
2003,0.001,0.001,0.069
2004,0.001,0.001,0.071
2005,0.001,0.001,0.067
2006,0.001,0.001,0.118
2007,0.001,0.002,0.066
2008,0.001,0.001,0.064
2009,0.001,0.002,0.076
2010,0.001,0.001,0.063
2011,0.001,0.001,0.070
2012,0.032,0.001,0.070
2013,0.001,0.001,0.066
2014,0.001,0.001,0.068
2015,0.001,0.001,0.081
2016,0.001,0.001,0.070
2017,0.001,0.001,0.069
2018,0.001,0.001,0.075
2019,0.001,0.001,0.072
2020,0.001,0.001,0.115
2021,0.001,0.001,0.066
2022,0.001,0.001,0.065
2023,0.001,0.001,0.068
2024,0.001,0.002,0.143
2025,0.001,0.001,0.068
2026,0.001,0.001,0.064
2027,0.033,0.001,0.062
2028,0.001,0.002,0.058
2029,0.001,0.002,0.065
2030,0.002,0.002,0.075
2031,0.001,0.002,0.064
2032,0.001,0.002,0.067
2033,0.001,0.001,0.073
2034,0.001,0.001,0.064
2035,0.001,0.001,0.074
2036,0.001,0.001,0.066
2037,0.001,0.002,0.070
2038,0.001,0.002,0.084
2039,0.001,0.001,0.070
2040,0.001,0.001,0.063
2041,0.001,0.002,0.074
2042,0.043,0.001,0.079
2043,0.001,0.001,0.070
2044,0.001,0.001,0.069
2045,0.001,0.001,0.067
2046,0.001,0.001,0.068
2047,0.001,0.001,0.063
2048,0.001,0.001,0.078
2049,0.001,0.002,0.171
2050,0.001,0.001,0.067
2051,0.001,0.001,0.070
2052,0.001,0.001,0.066
2053,0.001,0.002,0.125
2054,0.001,0.001,0.072
2055,0.001,0.002,0.070
2056,0.001,0.001,0.068
2057,0.031,0.001,0.063
2058,0.001,0.001,0.064
2059,0.001,0.001,0.061
2060,0.002,0.011,0.087
2061,0.002,0.002,0.068
2062,0.001,0.001,0.068
2063,0.001,0.001,0.066
2064,0.001,0.001,0.066
2065,0.001,0.002,0.065
2066,0.001,0.001,0.078
2067,0.001,0.001,0.184
2068,0.001,0.001,0.068
2069,0.001,0.001,0.065
2070,0.001,0.001,0.071
2071,0.001,0.001,0.065
2072,0.033,0.001,0.063
2073,0.001,0.001,0.064
2074,0.001,0.002,0.123
2075,0.001,0.003,0.077
2076,0.001,0.001,0.073
2077,0.001,0.001,0.070
2078,0.001,0.001,0.079
2079,0.001,0.001,0.070
2080,0.001,0.001,0.075
2081,0.001,0.040,0.100
2082,0.001,0.002,0.071
2083,0.001,0.001,0.069
2084,0.001,0.001,0.064
2085,0.031,0.001,0.065
2086,0.001,0.001,0.064
2087,0.001,0.001,0.091
2088,0.001,0.002,0.114
2089,0.001,0.002,0.068
2090,0.001,0.001,0.072
2091,0.001,0.001,0.069
2092,0.001,0.002,0.128
2093,0.001,0.001,0.066
2094,0.001,0.002,0.071
2095,0.001,0.002,0.070
2096,0.001,0.001,0.066
2097,0.001,0.002,0.066
2098,0.001,0.001,0.075
2099,0.091,0.001,0.091
2100,0.001,0.001,0.069
2101,0.001,0.002,0.070
2102,0.001,0.001,0.066
2103,0.001,0.001,0.061
2104,0.001,0.002,0.073
2105,0.001,0.001,0.075
2106,0.001,0.001,0.213
2107,0.001,0.001,0.069
2108,0.001,0.002,0.069
2109,0.001,0.001,0.068
2110,0.001,0.001,0.067
2111,0.001,0.001,0.071
2112,0.001,0.001,0.089
2113,0.001,0.001,0.072
2114,0.037,0.001,0.063
2115,0.001,0.001,0.065
2116,0.001,0.001,0.073
2117,0.001,0.001,0.064
2118,0.001,0.001,0.064
2119,0.001,0.001,0.072
2120,0.001,0.002,0.152
2121,0.001,0.002,0.067
2122,0.001,0.002,0.076
2123,0.002,0.002,0.071
2124,0.001,0.002,0.122
2125,0.001,0.002,0.068
2126,0.001,0.001,0.072
2127,0.001,0.001,0.069
2128,0.001,0.001,0.064
2129,0.032,0.002,0.071
2130,0.001,0.001,0.070
2131,0.001,0.001,0.072
2132,0.001,0.001,0.065
2133,0.001,0.001,0.065
2134,0.001,0.001,0.065
2135,0.001,0.001,0.063
2136,0.001,0.002,0.063
2137,0.001,0.001,0.073
2138,0.001,0.001,0.066
2139,0.001,0.001,0.061
2140,0.001,0.001,0.064
2141,0.001,0.001,0.069
2142,0.050,0.002,0.120
2143,0.001,0.002,0.074
2144,0.001,0.002,0.069
2145,0.002,0.002,0.066
2146,0.001,0.001,0.063
2147,0.001,0.001,0.079
2148,0.001,0.002,0.069
2149,0.001,0.002,0.142
2150,0.001,0.001,0.068
2151,0.001,0.001,0.069
2152,0.001,0.001,0.072
2153,0.001,0.001,0.062
2154,0.001,0.001,0.062
2155,0.001,0.001,0.070
2156,0.001,0.002,0.146
2157,0.033,0.001,0.069
2158,0.001,0.001,0.064
2159,0.001,0.002,0.074
2160,0.001,0.001,0.067
2161,0.001,0.002,0.063
2162,0.001,0.001,0.062
2163,0.001,0.001,0.062
2164,0.001,0.001,0.062
2165,0.001,0.001,0.076
2166,0.001,0.002,0.074
2167,0.001,0.001,0.064
2168,0.001,0.001,0.068
2169,0.002,0.001,0.071
2170,0.032,0.001,0.065
2171,0.001,0.001,0.066
2172,0.001,0.001,0.062
2173,0.001,0.001,0.075
2174,0.001,0.002,0.135
2175,0.001,0.002,0.063
2176,0.001,0.002,0.071
2177,0.001,0.001,0.080
2178,0.001,0.001,0.072
2179,0.001,0.001,0.067
2180,0.001,0.001,0.073
2181,0.001,0.002,0.066
2182,0.001,0.002,0.064
2183,0.001,0.002,0.062
2184,0.001,0.002,0.070
2185,0.072,0.002,0.128
2186,0.001,0.001,0.081
2187,0.001,0.001,0.071
2188,0.001,0.001,0.069
2189,0.001,0.001,0.062
2190,0.001,0.002,0.078
2191,0.001,0.001,0.082
2192,0.001,0.001,0.070
2193,0.001,0.001,0.070
2194,0.001,0.001,0.072
2195,0.001,0.001,0.076
2196,0.001,0.001,0.068
2197,0.001,0.001,0.065
2198,0.001,0.001,0.066
2199,0.001,0.002,0.150
2200,0.001,0.001,0.072
2201,0.001,0.001,0.066
2202,0.001,0.001,0.077
2203,0.001,0.002,0.070
2204,0.034,0.001,0.068
2205,0.001,0.001,0.071
2206,0.001,0.002,0.061
2207,0.001,0.001,0.064
2208,0.001,0.002,0.080
2209,0.001,0.002,0.080
2210,0.001,0.001,0.062
2211,0.001,0.002,0.073
2212,0.001,0.002,0.079
2213,0.035,0.002,0.068
2214,0.001,0.001,0.068
2215,0.001,0.001,0.065
2216,0.001,0.001,0.077
2217,0.001,0.001,0.064
2218,0.001,0.002,0.068
2219,0.002,0.002,0.075
2220,0.001,0.002,0.069
2221,0.001,0.002,0.063
2222,0.001,0.001,0.072
2223,0.001,0.001,0.076
2224,0.001,0.001,0.114
2225,0.001,0.002,0.079
2226,0.001,0.002,0.072
2227,0.001,0.002,0.067
2228,0.001,0.001,0.065
2229,0.001,0.002,0.083
2230,0.001,0.002,0.102
2231,0.001,0.009,0.148
2232,0.001,0.002,0.085
2233,0.003,0.004,0.075
2234,0.045,0.001,0.073
2235,0.003,0.004,0.064
2236,0.001,0.001,0.062
2237,0.001,0.001,0.062
2238,0.003,0.005,0.108
2239,0.004,0.002,0.072
2240,0.002,0.001,0.061
2241,0.002,0.004,0.068
2242,0.004,0.002,0.173
2243,0.003,0.004,0.066
2244,0.048,0.001,0.067
2245,0.003,0.005,0.076
2246,0.002,0.005,0.066
2247,0.004,0.003,0.062
2248,0.003,0.004,0.068
2249,0.003,0.004,0.098
2250,0.002,0.005,0.063
2251,0.003,0.005,0.061
2252,0.002,0.004,0.080
2253,0.002,0.004,0.064
2254,0.002,0.004,0.062
2255,0.001,0.001,0.060
2256,0.002,0.004,0.125
2257,0.003,0.003,0.086
2258,0.002,0.004,0.069
2259,0.002,0.004,0.120
2260,0.002,0.003,0.153
2261,0.053,0.002,0.083
2262,0.002,0.004,0.086
2263,0.002,0.003,0.176
2264,0.002,0.004,0.102
2265,0.003,0.003,0.109
2266,0.001,0.002,0.114
2267,0.002,0.004,0.108
2268,0.002,0.004,0.106
2269,0.002,0.004,0.114
2270,0.005,0.010,0.267
2271,0.006,0.006,0.369
2272,0.004,0.007,0.227
2273,0.004,0.006,0.239
2274,0.088,0.007,0.236
2275,0.005,0.009,0.296
2276,0.004,0.008,0.327
2277,0.006,0.011,0.305
2278,0.007,0.008,0.300
2279,0.006,0.007,0.284
2280,0.006,0.008,0.347
2281,0.007,0.009,0.766
2282,0.006,0.009,0.315
2283,0.005,0.013,0.383
2284,0.007,0.011,0.471
2285,0.006,0.008,0.315
2286,0.009,0.009,0.349
2287,0.008,0.005,0.418
2288,0.008,0.011,0.540
2289,0.009,0.011,0.350
2290,0.130,0.008,0.380
2291,0.005,0.013,0.370
2292,0.008,0.009,0.498
2293,0.007,0.009,0.373
2294,0.005,0.009,0.396
2295,0.006,0.010,0.355
2296,0.005,0.007,0.315
2297,0.006,0.009,0.427
2298,0.006,0.012,0.383
2299,0.006,0.011,0.680
2300,0.006,0.010,0.395
2301,0.092,0.005,0.377
2302,0.007,0.010,0.408
2303,0.005,0.010,0.344
2304,0.004,0.007,0.270
2305,0.006,0.010,0.442
2306,0.005,0.009,0.806
2307,0.006,0.006,0.268
2308,0.005,0.008,0.307
2309,0.005,0.009,0.303
2310,0.006,0.004,0.244
2311,0.031,0.008,0.284
2312,0.005,0.008,0.260
2313,0.010,0.004,0.956
2314,0.005,0.009,0.340
2315,0.005,0.008,0.259
2316,0.004,0.007,0.280
2317,0.005,0.012,0.525
2318,0.005,0.008,0.272
2319,0.005,0.010,0.297
2320,0.005,0.008,0.338
2321,0.004,0.008,0.349
2322,0.434,0.023,0.307
2323,0.001,0.003,0.087
2324,0.003,0.002,0.115
2325,0.003,0.004,0.072
2326,0.002,0.004,0.069
2327,0.001,0.001,0.068
2328,0.002,0.004,0.074
2329,0.004,0.002,0.084
2330,0.002,0.004,0.090
2331,0.005,0.009,0.252
2332,0.106,0.006,0.222
2333,0.004,0.006,0.220
2334,0.004,0.007,0.232
2335,0.004,0.006,0.276
2336,0.005,0.007,0.247
2337,0.005,0.009,0.257
2338,0.024,0.007,0.902
2339,0.005,0.008,0.271
2340,0.006,0.008,0.255
2341,0.006,0.007,0.242
2342,0.003,0.005,0.317
2343,0.003,0.003,0.116
2344,0.002,0.003,0.132
2345,0.002,0.003,0.117
2346,0.004,0.002,0.122
2347,0.001,0.002,0.113
2348,0.002,0.003,0.121
2349,0.062,0.003,0.227
2350,0.011,0.009,0.298
2351,0.005,0.003,0.332
2352,0.002,0.003,0.137
2353,0.003,0.003,0.143
2354,0.003,0.002,0.116
2355,0.001,0.003,0.121
2356,0.002,0.002,0.145
2357,0.002,0.003,0.147
2358,0.003,0.003,0.125
2359,0.002,0.003,0.152
2360,0.005,0.010,0.389
2361,0.003,0.003,0.123
2362,0.062,0.003,0.121
2363,0.001,0.002,0.151
2364,0.002,0.002,0.114
2365,0.004,0.002,0.119
2366,0.001,0.002,0.112
2367,0.005,0.011,0.799
2368,0.007,0.006,0.224
2369,0.005,0.007,0.256
2370,0.005,0.009,0.312
2371,0.005,0.013,0.248
2372,0.004,0.007,0.250
2373,0.004,0.006,0.232
2374,0.004,0.006,0.212
2375,0.007,0.009,0.305
2376,0.005,0.007,0.278
2377,0.113,0.010,0.288
2378,0.004,0.010,0.231
2379,0.009,0.013,0.278
2380,0.006,0.004,0.272
2381,0.005,0.008,0.720
2382,0.005,0.009,0.264
2383,0.007,0.009,0.264
2384,0.005,0.008,0.245
2385,0.004,0.011,1.029
2386,0.005,0.007,0.243
2387,0.005,0.008,0.285
2388,0.005,0.009,0.374
2389,0.087,0.008,0.358
2390,0.005,0.009,0.465
2391,0.006,0.010,0.331
2392,0.004,0.007,0.864
2393,0.006,0.011,0.523
2394,0.005,0.010,0.868
2395,0.003,0.004,0.132
2396,0.003,0.003,0.115
2397,0.003,0.003,0.111
2398,0.002,0.003,0.127
2399,0.018,0.002,0.196
2400,0.002,0.002,0.114
2401,0.002,0.003,0.138
2402,0.005,0.010,0.315
2403,0.001,0.003,0.115
2404,0.002,0.002,0.104
2405,0.001,0.002,0.102
2406,0.001,0.002,0.174
2407,0.061,0.002,0.138
2408,0.004,0.002,0.104
2409,0.001,0.002,0.103
2410,0.002,0.003,0.136
2411,0.005,0.009,0.279
2412,0.001,0.003,0.142
2413,0.002,0.003,0.128
2414,0.003,0.002,0.118
2415,0.003,0.002,0.113
2416,0.004,0.004,0.107
2417,0.006,0.009,0.252
2418,0.086,0.007,0.276
2419,0.005,0.009,0.260
2420,0.006,0.017,0.517
2421,0.006,0.008,0.208
2422,0.003,0.003,0.137
2423,0.005,0.009,0.449
2424,0.003,0.003,0.135
2425,0.005,0.009,0.260
2426,0.008,0.003,0.425
2427,0.006,0.007,0.278
2428,0.004,0.006,0.288
2429,0.005,0.008,0.246
2430,0.004,0.008,0.277
2431,0.005,0.009,0.248
2432,0.005,0.009,0.266
2433,0.005,0.009,0.250
2434,0.005,0.008,0.255
2435,0.004,0.007,0.349
2436,0.005,0.007,0.237
2437,0.078,0.003,0.146
2438,0.005,0.009,0.287
2439,0.002,0.003,0.134
2440,0.005,0.010,0.282
2441,0.004,0.008,0.364
2442,0.003,0.003,0.128
2443,0.003,0.003,0.129
2444,0.002,0.002,0.128
2445,0.001,0.003,0.145
2446,0.004,0.003,0.113
2447,0.002,0.002,0.124
2448,0.065,0.002,0.116
2449,0.002,0.003,0.253
2450,0.002,0.002,0.117
2451,0.002,0.002,0.122
2452,0.002,0.004,0.127
2453,0.003,0.003,0.143
2454,0.001,0.003,0.118
2455,0.002,0.003,0.483
2456,0.004,0.006,7.736
2457,0.006,0.083,7.201
2458,0.005,0.005,6.898
2459,0.004,0.007,3.337
2460,0.004,0.007,0.093
2461,0.002,0.004,0.073
2462,0.002,0.002,0.103
2463,0.002,0.003,0.349
2464,0.004,0.002,0.099
2465,0.043,0.002,0.080
2466,0.003,0.002,0.069
2467,0.002,0.004,0.065
2468,0.002,0.004,0.069
2469,0.002,0.004,0.065
2470,0.001,0.002,0.082
2471,0.001,0.001,0.069
2472,0.004,0.003,0.078
2473,0.002,0.004,0.091
2474,0.001,0.001,0.107
2475,0.003,0.005,0.070
2476,0.001,0.001,0.070
2477,0.001,0.002,0.067
2478,0.002,0.004,0.079
2479,0.002,0.004,0.066
2480,0.037,0.002,0.081
2481,0.001,0.002,0.111
2482,0.004,0.005,0.081
2483,0.003,0.003,0.077
2484,0.001,0.002,0.077
2485,0.003,0.003,0.081
2486,0.003,0.002,0.090
2487,0.001,0.002,0.089
2488,0.001,0.002,0.091
2489,0.003,0.002,0.098
2490,0.001,0.002,0.095
2491,0.002,0.004,0.102
2492,0.003,0.004,0.086
2493,0.002,0.002,0.085
2494,0.002,0.002,0.108
2495,0.001,0.002,0.133
2496,0.004,0.002,0.116
2497,0.060,0.002,0.105
2498,0.002,0.004,0.105
2499,0.001,0.002,0.106
2500,0.003,0.003,0.147
2501,0.003,0.002,0.112
2502,0.001,0.002,0.114
2503,0.006,0.011,0.952
2504,0.012,0.004,0.220
2505,0.010,0.009,0.245
2506,0.005,0.009,0.718
2507,0.006,0.006,0.235
2508,0.005,0.009,0.295
2509,0.005,0.009,0.285
2510,0.081,0.007,0.237
2511,0.003,0.003,0.122
2512,0.002,0.003,0.144
2513,0.005,0.011,0.759
2514,0.005,0.005,0.288
2515,0.005,0.020,0.261
2516,0.007,0.010,0.302
2517,0.004,0.007,0.258
2518,0.005,0.009,0.266
2519,0.002,0.003,0.116
2520,0.003,0.002,0.140
2521,0.005,0.010,0.254
2522,0.003,0.003,0.113
2523,0.002,0.004,0.113
2524,0.002,0.009,0.197
2525,0.002,0.004,0.149
2526,0.007,0.005,0.222
2527,0.005,0.008,0.300
2528,0.004,0.006,0.223
2529,0.090,0.009,0.291
2530,0.006,0.010,1.491
2531,0.005,0.008,0.297
2532,0.003,0.004,0.121
2533,0.003,0.002,0.121
2534,0.001,0.002,0.125
2535,0.023,0.063,0.336
2536,0.006,0.006,0.206
2537,0.009,0.012,0.254
2538,0.122,0.008,0.259
2539,0.004,0.008,0.281
2540,0.005,0.013,0.249
2541,0.002,0.003,0.138
2542,0.001,0.002,0.101
2543,0.003,0.002,0.116
2544,0.002,0.004,0.117
2545,0.040,0.003,0.219
2546,0.002,0.004,0.140
2547,0.002,0.003,0.116
2548,0.002,0.003,0.132
2549,0.002,0.003,0.101
2550,0.002,0.003,0.124
2551,0.002,0.003,0.155
2552,0.001,0.002,0.117
2553,0.002,0.003,0.101
2554,0.001,0.003,0.110
2555,0.003,0.003,0.105
2556,0.001,0.002,0.168
2557,0.002,0.003,0.155
2558,0.057,0.002,0.090
2559,0.001,0.002,0.121
2560,0.003,0.003,0.109
2561,0.002,0.002,0.105
2562,0.002,0.004,0.112
2563,0.003,0.002,0.148
2564,0.007,0.009,0.257
2565,0.005,0.006,0.221
2566,0.095,0.011,0.228
2567,0.004,0.006,0.212
2568,0.004,0.007,0.246
2569,0.005,0.007,0.254
2570,0.007,0.004,0.242
2571,0.004,0.007,0.228
2572,0.007,0.004,0.231
2573,0.005,0.007,0.272
2574,0.004,0.006,0.267
2575,0.004,0.006,0.291
2576,0.004,0.008,0.348
2577,0.005,0.009,0.260
2578,0.008,0.009,0.476
2579,0.007,0.008,0.282
2580,0.007,0.009,0.366
2581,0.005,0.008,0.989
2582,0.004,0.006,0.258
2583,0.005,0.008,0.283
2584,0.007,0.008,0.284
2585,0.007,0.009,0.332
2586,0.006,0.011,0.378
2587,0.006,0.009,0.360
2588,0.008,0.005,0.443
2589,0.132,0.009,0.334
2590,0.006,0.009,0.351
2591,0.006,0.010,0.357
2592,0.360,0.010,0.751
2593,0.005,0.007,0.301
2594,0.008,0.009,0.396
2595,0.009,0.006,0.390
2596,0.005,0.008,0.302
2597,0.010,0.009,0.348
2598,0.006,0.010,0.373
2599,0.006,0.011,0.918
2600,0.008,0.005,0.285
2601,0.006,0.010,0.324
2602,0.006,0.011,0.497
2603,0.007,0.009,0.375
2604,0.006,0.013,0.331
2605,0.006,0.010,0.364
2606,0.005,0.008,0.333
2607,0.012,0.009,0.344
2608,0.005,0.014,0.360
2609,0.006,0.009,0.350
2610,0.006,0.009,0.319
2611,0.006,0.011,0.367
2612,0.005,0.009,0.366
2613,0.006,0.152,0.624
2614,0.006,0.009,0.399
2615,0.008,0.009,0.360
2616,0.008,0.006,0.375
2617,0.006,0.008,0.399
2618,0.004,0.008,0.270
2619,0.109,0.006,0.230
2620,0.005,0.010,0.249
2621,0.004,0.007,0.249
2622,0.134,0.009,0.353
2623,0.007,0.011,0.425
2624,0.007,0.010,0.455
2625,0.006,0.010,0.391
2626,0.007,0.014,0.487
2627,0.008,0.005,0.307
2628,0.004,0.007,0.279
2629,0.005,0.008,0.293
2630,0.006,0.009,0.350
2631,0.007,0.004,0.471
2632,0.007,0.007,0.266
2633,0.006,0.009,0.338
2634,0.006,0.009,0.356
2635,0.005,0.008,0.319
2636,0.006,0.008,0.362
2637,0.006,0.009,0.361
2638,0.006,0.009,0.430
2639,0.006,0.008,0.341
2640,0.006,0.009,0.386
2641,0.005,0.009,0.283
2642,0.004,0.006,0.256
2643,0.005,0.008,0.338
2644,0.007,0.004,0.235
2645,0.004,0.008,0.240
2646,0.005,0.005,0.316
2647,0.078,0.007,0.276
2648,0.006,0.011,0.316
2649,0.009,0.007,1.150
2650,0.007,0.007,0.286
2651,0.006,0.007,0.290
2652,0.147,0.010,0.367
2653,0.005,0.008,0.327
2654,0.006,0.010,0.370
2655,0.006,0.009,0.349
2656,0.006,0.011,0.584
2657,0.006,0.012,0.334
2658,0.005,0.008,0.401
2659,0.007,0.010,0.376
2660,0.006,0.008,0.327
2661,0.006,0.009,6.859
2662,0.005,0.007,0.410
2663,0.006,0.008,0.234
2664,0.005,0.010,0.309
2665,0.007,0.009,0.330
2666,0.005,0.008,0.280
2667,0.005,0.009,0.257
2668,0.007,0.012,0.511
2669,0.006,0.010,0.359
2670,0.008,0.011,0.933
2671,0.006,0.087,0.417
2672,0.007,0.010,0.484
2673,0.008,0.011,0.404
2674,0.005,0.007,0.566
2675,0.111,0.008,0.286
2676,0.008,0.009,0.365
2677,0.006,0.009,0.394
2678,0.006,0.008,0.325
2679,0.005,0.008,0.380
2680,0.007,0.009,0.365
2681,0.006,0.033,0.491
2682,0.151,0.009,0.353
2683,0.011,0.010,0.370
2684,0.004,0.007,0.237
2685,0.004,0.006,0.196
2686,0.005,0.008,0.289
2687,0.005,0.008,0.295
2688,0.006,0.010,0.633
2689,0.009,0.005,0.384
2690,0.006,0.009,0.342
2691,0.006,0.009,0.357
2692,0.005,0.008,0.397
2693,0.005,0.009,0.340
2694,0.006,0.016,0.448
2695,0.736,0.010,0.333
2696,0.006,0.008,0.297
2697,0.006,0.017,0.423
2698,0.005,0.008,0.276
2699,0.005,0.008,0.258
2700,0.007,0.004,0.291
2701,0.005,0.010,0.289
2702,0.005,0.010,0.385
2703,0.005,0.007,0.370
2704,0.092,0.008,0.249
2705,0.006,0.009,0.291
2706,0.005,0.008,0.515
2707,0.006,0.003,0.198
2708,0.005,0.008,0.260
2709,0.004,0.007,0.248
2710,0.004,0.008,0.268
2711,0.004,0.007,0.245
2712,0.005,0.008,0.291
2713,0.209,0.023,0.318
2714,0.030,0.008,0.267
2715,0.006,0.007,0.241
2716,0.004,0.008,0.267
2717,0.005,0.005,0.200
2718,0.005,0.011,0.929
2719,0.008,0.009,0.330
2720,0.008,0.005,0.324
2721,0.005,0.007,0.310
2722,0.007,0.004,0.288
2723,0.005,0.007,0.250
2724,0.007,0.008,0.639
2725,0.005,0.008,0.276
2726,0.006,0.009,0.299
2727,0.005,0.010,0.422
2728,0.002,0.003,0.183
2729,0.003,0.003,0.153
2730,0.012,0.009,0.268
2731,0.087,0.007,0.784
2732,0.005,0.007,0.250
2733,0.005,0.009,0.242
2734,0.005,0.008,0.275
2735,0.005,0.008,0.257
2736,0.005,0.011,0.395
2737,0.007,0.009,0.274
2738,0.005,0.009,0.598
2739,0.004,0.007,0.233
2740,0.007,0.005,0.533
2741,0.005,0.008,0.297
2742,0.093,0.009,0.329
2743,0.007,0.004,0.255
2744,0.005,0.008,0.234
2745,0.004,0.006,0.259
2746,0.005,0.006,0.303
2747,0.006,0.003,0.205
2748,0.004,0.008,0.264
2749,0.004,0.008,0.268
2750,0.004,0.007,0.304
2751,0.005,0.008,0.277
2752,0.004,0.007,0.425
2753,0.004,0.006,0.231
2754,0.005,0.007,0.270
2755,0.005,0.008,0.344
2756,0.004,0.007,0.542
2757,0.004,0.006,0.297
2758,0.004,0.006,0.259
2759,0.167,0.009,0.350
2760,0.003,0.006,0.233
2761,0.005,0.012,0.316
2762,0.006,0.010,0.347
2763,0.008,0.006,0.376
2764,0.006,0.007,0.271
2765,0.006,0.009,0.305
2766,0.010,0.022,0.485
2767,0.005,0.011,0.701
2768,0.013,0.009,0.397
2769,0.005,0.009,0.345
2770,0.006,0.009,0.344
2771,0.005,0.022,1.560
2772,0.159,0.007,0.317
2773,0.006,0.008,0.367
2774,0.005,0.009,0.327
2775,0.009,0.006,0.455
2776,0.006,0.009,0.337
2777,0.006,0.011,0.365
2778,0.005,0.008,0.403
2779,0.009,0.009,0.340
2780,0.006,0.010,0.507
2781,0.006,0.009,0.381
2782,0.004,0.005,0.183
2783,0.002,0.003,0.146
2784,0.003,0.002,0.104
2785,0.001,0.002,0.104
2786,0.001,0.004,0.110
2787,0.036,0.002,0.088
2788,0.005,0.002,0.149
2789,0.004,0.003,0.090
2790,0.003,0.002,0.092
2791,0.002,0.002,0.082
2792,0.002,0.004,0.211
2793,0.003,0.002,0.082
2794,0.004,0.003,0.095
2795,0.001,0.002,0.132
2796,0.001,0.002,0.086
2797,0.002,0.003,0.090
2798,0.001,0.002,0.084
2799,0.001,0.002,0.205
2800,0.002,0.003,0.107
2801,0.002,0.004,0.106
2802,0.087,0.003,0.106
2803,0.002,0.003,0.137
2804,0.005,0.010,0.275
2805,0.004,0.006,0.222
2806,0.004,0.007,0.281
2807,0.005,0.002,0.122
2808,0.003,0.002,0.144
2809,0.005,0.009,0.266
2810,0.005,0.008,0.428
2811,0.005,0.007,0.226
2812,0.005,0.009,0.252
2813,0.004,0.006,0.351
2814,0.006,0.007,0.256
2815,0.003,0.003,0.110
2816,0.002,0.002,0.110
2817,0.061,0.001,0.099
2818,0.001,0.003,0.109
2819,0.001,0.002,0.106
2820,0.001,0.002,0.098
2821,0.003,0.004,0.088
2822,0.001,0.002,0.100
2823,0.001,0.002,0.109
2824,0.003,0.002,0.113
2825,0.003,0.003,0.124
2826,0.001,0.002,0.105
2827,0.005,0.001,0.105
2828,0.002,0.002,0.115
2829,0.003,0.003,0.121
2830,0.001,0.002,0.116
2831,0.001,0.003,0.137
2832,0.065,0.002,0.117
2833,0.002,0.002,0.113
2834,0.003,0.002,0.111
2835,0.002,0.003,0.138
2836,0.007,0.010,0.273
2837,0.003,0.002,0.116
2838,0.002,0.002,0.232
2839,0.002,0.003,0.115
2840,0.002,0.002,0.120
2841,0.002,0.002,0.116
2842,0.002,0.004,0.115
2843,0.060,0.002,0.118
2844,0.002,0.003,0.133
2845,0.002,0.003,0.115
2846,0.002,0.002,0.127
2847,0.003,0.002,0.100
2848,0.001,0.001,0.083
2849,0.001,0.002,0.156
2850,0.002,0.003,0.114
2851,0.002,0.003,0.109
2852,0.002,0.002,0.112
2853,0.001,0.003,0.168
2854,0.002,0.003,0.095
2855,0.001,0.002,0.188
2856,0.002,0.005,0.130
2857,0.001,0.003,0.113
2858,0.002,0.003,0.134
2859,0.002,0.003,0.113
2860,0.003,0.002,0.245
2861,0.002,0.003,0.104
2862,0.065,0.003,0.124
2863,0.002,0.002,0.282
2864,0.002,0.002,0.113
2865,0.003,0.003,0.123
2866,0.002,0.003,0.114
2867,0.003,0.003,0.123
2868,0.003,0.002,0.157
2869,0.006,0.010,0.335
2870,0.002,0.003,0.134
2871,0.002,0.003,0.150
2872,0.003,0.002,0.124
2873,0.062,0.003,0.134
2874,0.003,0.002,0.220
2875,0.003,0.002,0.115
2876,0.002,0.002,0.128
2877,0.002,0.002,0.126
2878,0.002,0.003,0.126
2879,0.001,0.002,0.123
2880,0.003,0.001,0.110
2881,0.003,0.002,0.107
2882,0.003,0.002,0.105
2883,0.003,0.002,0.103
2884,0.001,0.003,0.177
2885,0.003,0.002,0.106
2886,0.003,0.003,0.105
2887,0.001,0.002,0.102
2888,0.001,0.002,0.106
2889,0.002,0.003,0.117
2890,0.057,0.002,0.110
2891,0.001,0.002,0.143
2892,0.002,0.001,0.112
2893,0.004,0.003,0.127
2894,0.002,0.003,0.120
2895,0.002,0.003,0.138
2896,0.002,0.003,0.126
2897,0.002,0.003,0.153
2898,0.001,0.003,0.129
2899,0.002,0.003,0.120
2900,0.002,0.003,0.162
2901,0.005,0.002,0.122
2902,0.002,0.003,0.127
2903,0.062,0.002,0.114
2904,0.002,0.003,0.124
2905,0.002,0.002,0.133
2906,0.003,0.003,0.163
2907,0.003,0.003,0.123
2908,0.003,0.003,0.128
2909,0.002,0.002,0.125
2910,0.002,0.002,0.140
2911,0.005,0.009,0.269
2912,0.009,0.007,0.233
2913,0.005,0.008,0.262
2914,0.007,0.005,0.250
2915,0.004,0.007,0.233
2916,0.008,0.004,0.585
2917,0.005,0.009,0.329
2918,0.093,0.009,0.254
2919,0.002,0.004,0.132
2920,0.002,0.003,0.119
2921,0.003,0.003,0.132
2922,0.002,0.004,0.140
2923,0.006,0.003,0.136
2924,0.002,0.003,0.201
2925,0.002,0.003,0.128
2926,0.003,0.003,0.126
2927,0.003,0.005,0.150
2928,0.007,0.009,0.262
2929,0.003,0.003,0.118
2930,0.003,0.003,0.187
2931,0.108,0.009,0.403
2932,0.003,0.003,0.115
2933,0.002,0.003,0.144
2934,0.005,0.010,0.277
2935,0.004,0.007,0.223
2936,0.004,0.008,0.246
2937,0.006,0.005,0.200
2938,0.004,0.007,0.223
2939,0.004,0.005,0.198
2940,0.005,0.003,0.193
2941,0.004,0.010,0.207
2942,0.007,0.007,0.298
2943,0.004,0.007,0.288
2944,0.006,0.007,0.262
2945,0.004,0.008,0.247
2946,0.120,0.007,0.290
2947,0.004,0.006,0.221
2948,0.007,0.004,0.293
2949,0.005,0.007,0.262
2950,0.006,0.008,0.367
2951,0.005,0.007,0.282
2952,0.005,0.009,0.315
2953,0.005,0.007,0.260
2954,0.004,0.007,0.282
2955,0.009,0.005,0.358
2956,0.007,0.010,0.592
2957,0.005,0.007,0.308
2958,0.006,0.008,0.249
2959,0.005,0.008,0.278
2960,0.005,0.007,0.233
2961,0.098,0.008,0.242
2962,0.004,0.006,0.238
2963,0.006,0.008,0.255
2964,0.005,0.007,0.232
2965,0.004,0.007,0.244
2966,0.005,0.009,0.269
2967,0.004,0.006,0.270
2968,0.004,0.007,0.306
2969,0.005,0.008,0.264
2970,0.005,0.008,0.402
2971,0.004,0.008,0.254
2972,0.005,0.009,0.273
2973,0.101,0.007,0.258
2974,0.005,0.008,0.267
2975,0.005,0.007,0.222
2976,0.005,0.010,0.278
2977,0.005,0.009,0.265
2978,0.005,0.009,0.337
2979,0.005,0.009,0.285
2980,0.005,0.008,0.291
2981,0.006,0.004,0.310
2982,0.005,0.009,0.275
2983,0.004,0.007,0.493
2984,0.009,0.004,0.289
2985,0.005,0.007,0.211
2986,0.006,0.010,0.287
2987,0.003,0.004,0.141
2988,0.002,0.003,0.156
2989,0.005,0.010,0.264
2990,0.090,0.008,0.330
2991,0.002,0.003,0.137
2992,0.005,0.009,0.268
2993,0.002,0.002,0.117
2994,0.003,0.003,0.127
2995,0.005,0.009,0.268
2996,0.004,0.005,0.216
2997,0.006,0.007,0.253
2998,0.005,0.009,0.267
2999,0.004,0.007,0.636
3000,0.004,0.007,0.265
