Packet,Force,Position,Temperature,Anomaly,ProcTime_ms
2682,11.108,4.636,24.8769,,1.166
2801,10.891,5.115,24.5565,,1.012
2609,11.606,5.024,24.9259,,0.874
2615,9.095,4.09,24.5279,,0.587
2710,9.283,5.972,24.5927,,0.581
44,10.081,5.283,25.3668,,0.558
90,9.665,5.654,25.1281,,0.5
1747,9.976,5.716,25.2466,,0.476
2778,10.85,5.142,25.4241,,0.456
2583,8.955,5.92,25.2534,,0.391
2770,8.701,4.197,25.3184,,0.332
2584,9.872,5.48,25.4362,,0.319
2633,9.156,5.746,25.2596,,0.31
2729,9.124,5.822,25.2749,,0.305
2747,11.095,5.634,24.6729,,0.296
2749,9.628,4.894,25.0691,,0.236
2738,9.308,5.093,25.1893,,0.197
953,8.622,4.397,24.6253,,0.195
2655,17.607,4.104,24.5791,ForceSpike,0.181
2818,11.285,5.782,25.4782,,0.156
2634,9.469,4.877,25.1525,,0.144
1610,11.022,4.435,25.042,,0.131
2573,11.618,5.215,24.6227,,0.127
187,10.614,4.273,24.855,,0.12
718,9.526,5.827,24.6835,,0.106
1167,11.133,4.146,24.7776,,0.106
2650,11.494,4.994,25.1451,,0.106
2660,9.254,5.07,24.9288,,0.101
1636,10.241,4.81,31.5957,TempSpike,0.098
39,11.452,5.008,25.3303,,0.097
2698,9.83,5.948,25.2957,,0.097
2742,11.111,4.068,24.6943,,0.097
1788,8.845,5.872,25.3204,,0.093
2785,20.327,4.26,24.9642,ForceSpike,0.091
753,8.708,5.679,24.9198,,0.089
2593,10.177,4.936,24.7677,,0.089
2549,8.574,4.219,24.5109,,0.088
34,11.513,5.201,25.1369,,0.087
570,9.403,5.83,24.6103,,0.085
1615,11.014,4.67,25.2162,,0.085
2755,8.388,4.147,24.6678,,0.085
3,9.163,4.643,25.4579,,0.083
1933,10.034,4.823,24.9232,,0.08
710,8.678,4.662,24.7228,,0.073
1723,9.295,4.512,25.4376,,0.07
1737,9.666,5.7,25.148,,0.069
235,8.267,5.815,25.4822,,0.068
2940,8.185,4.938,24.6611,,0.068
288,8.122,5.423,25.3452,,0.067
2610,8.438,4.169,25.2408,,0.067
1510,8.508,5.878,25.4951,,0.066
1570,11.593,4.009,24.8612,,0.066
2923,9.682,4.389,24.9329,,0.065
1,11.157,5.123,24.9571,,0.062
1037,11.136,4.719,24.9208,,0.062
1231,8.032,5.7,24.7775,,0.061
768,9.746,5.137,25.2306,,0.06
2753,8.801,4.189,25.1505,,0.058
1093,10.725,5.326,25.135,,0.057
2469,10.574,5.546,24.994,,0.055
7,10.511,4.321,24.8099,,0.054
55,10.48,5.942,24.7871,,0.054
2720,10.076,5.412,25.4265,,0.054
618,8.547,4.181,25.4554,,0.053
2786,10.081,4.873,24.6603,,0.053
2122,9.474,4.411,24.6187,,0.051
290,10.312,5.993,24.5037,,0.05
666,9.83,5.813,25.0625,,0.05
1020,9.562,4.109,25.2465,,0.05
1342,11.08,4.216,24.5994,,0.05
254,10.453,4.751,24.6228,,0.049
2494,9.523,5.918,25.0879,,0.049
2629,10.226,4.905,25.4228,,0.049
2833,9.107,4.208,25.3041,,0.049
1785,10.249,4.893,24.9308,,0.048
2118,9.242,5.101,24.556,,0.048
2774,10.504,5.312,24.9653,,0.048
580,9.949,4.031,25.1207,,0.047
1709,11.855,4.046,24.7033,,0.045
1835,11.588,4.935,24.5422,,0.045
2120,9.73,5.644,25.0954,,0.045
2581,10.245,5.373,24.7521,,0.045
2969,11.451,5.158,24.6427,,0.045
140,9.295,5.57,24.7331,,0.044
36,8.595,4.823,24.6915,,0.043
236,11.431,5.06,25.0136,,0.042
1153,8.958,4.262,25.2848,,0.042
2574,9.443,5.719,24.5711,,0.042
2803,8.254,5.544,25.4437,,0.042
1354,10.495,5.445,24.7392,,0.041
1804,10.656,4.269,25.009,,0.04
2456,8.881,5.214,25.0102,,0.04
2862,10.38,4.991,24.6786,,0.04
325,9.615,5.835,24.8544,,0.039
552,8.095,4.093,24.5672,,0.039
2454,11.634,4.82,24.6251,,0.039
2515,11.805,5.339,25.0253,,0.039
1849,9.951,1.376,24.715,PositionalError,0.038
265,8.509,4.987,25.3866,,0.038
2424,9.703,5.788,24.9896,,0.038
6,10.06,4.227,24.7142,,0.037
150,8.673,5.259,25.1957,,0.037
871,9.257,5.947,24.5173,,0.037
955,10.112,4.885,24.7035,,0.037
2088,9.369,4.677,25.036,,0.037
242,11.737,4.172,24.7407,,0.036
563,10.582,5.021,25.4892,,0.036
660,10.555,5.239,25.2896,,0.036
2521,9.282,5.547,25.32,,0.036
2665,8.462,5.654,24.8582,,0.036
1078,10.15,4.847,24.5445,,0.035
1096,11.24,5.253,25.3494,,0.035
1229,10.786,5.496,25.1127,,0.035
142,8.825,5.406,24.9242,,0.034
209,10.012,4.627,24.5058,,0.034
255,8.863,5.949,24.6842,,0.034
872,11.442,4.55,25.3665,,0.034
1784,11.594,5.625,25.1703,,0.034
2401,11.572,4.196,24.7472,,0.034
2480,9.642,4.2,25.3078,,0.034
17,11.216,5.578,25.3354,,0.033
223,9.976,5.725,24.5993,,0.033
435,10.834,5.218,25.1055,,0.033
572,10.186,5.963,24.5202,,0.033
630,8.942,4.775,25.3678,,0.033
1377,8.014,5.005,25.2464,,0.033
2269,11.043,5.624,24.7159,,0.033
2565,9.261,4.146,24.9106,,0.033
2635,11.268,5.134,25.2202,,0.033
302,10.821,4.219,25.0356,,0.031
566,10.175,5.69,24.9195,,0.03
746,10.04,5.142,25.1804,,0.03
1070,8.557,5.99,24.9869,,0.03
2002,8.979,4.67,25.165,,0.03
2246,8.582,4.147,25.1616,,0.03
2493,10.065,4.515,24.8844,,0.03
2690,9.781,5.235,25.4397,,0.03
2856,8.888,5.837,24.87,,0.03
2870,8.47,0.057,24.7393,PositionalError,0.029
331,9.228,5.513,25.4522,,0.029
1844,8.54,4.41,25.4005,,0.029
2539,8.204,4.726,25.1964,,0.029
31,11.595,4.534,24.6131,,0.028
231,11.6,4.171,25.3377,,0.028
304,8.955,4.224,25.351,,0.028
452,8.082,5.954,25.1652,,0.028
836,10.576,4.689,25.3442,,0.028
477,10.264,4.905,24.8036,,0.027
633,8.055,4.462,24.9705,,0.027
835,9.647,5.417,24.9212,,0.027
2273,9.76,5.009,24.5558,,0.027
2982,11.876,4.612,25.128,,0.027
336,10.784,5.398,25.4201,,0.026
602,8.33,4.529,25.1956,,0.026
678,10.428,4.489,25.0177,,0.026
812,10.866,4.112,25.0463,,0.026
865,8.879,4.73,24.6152,,0.026
1721,11.83,4.246,24.9479,,0.026
1793,10.226,4.505,24.6765,,0.026
2402,8.536,4.853,24.7421,,0.026
2554,11.025,0.072,25.3215,PositionalError,0.025
205,8.953,5.932,24.5251,,0.025
817,8.24,4.312,25.192,,0.025
1104,11.045,4.851,25.332,,0.025
1617,11.944,4.197,24.5098,,0.025
2354,9.308,5.74,24.6034,,0.025
969,9.456,4.74,25.3155,,0.024
1436,10.759,5.014,25.3465,,0.024
1545,9.485,4.307,24.9221,,0.024
2475,8.415,4.691,25.0834,,0.024
2485,10.127,4.435,25.0063,,0.024
2752,11.303,5.167,24.6123,,0.024
218,9.16,5.248,25.0735,,0.023
686,11.138,5.435,24.5841,,0.023
772,9.007,5.704,25.1415,,0.023
1242,11.082,5.958,24.8394,,0.023
1270,10.365,5.709,24.5014,,0.023
1389,8.646,4.45,24.6368,,0.023
1486,11.723,4.851,24.9406,,0.023
1935,10.404,4.472,24.8979,,0.023
1971,8.396,4.434,25.3197,,0.023
2030,11.554,5.227,25.1638,,0.023
2900,10.43,4.182,25.1753,,0.023
22,10.874,5.396,25.4095,,0.022
311,10.981,4.306,25.2817,,0.022
351,11.098,4.744,25.2576,,0.022
378,11.199,5.969,24.5924,,0.022
509,9.391,5.389,25.2687,,0.022
983,8.623,5.014,25.1845,,0.022
1039,9.821,5.549,25.3304,,0.022
1938,9.898,4.88,24.97,,0.022
197,10.593,5.139,24.8856,,0.021
349,11.516,4.176,24.5938,,0.021
623,11.058,4.777,25.0387,,0.021
749,8.895,4.974,25.4573,,0.021
1109,9.646,5.59,24.9001,,0.021
1166,8.979,5.233,25.0032,,0.021
1630,8.43,4.725,25.0672,,0.021
1877,9.836,5.301,24.6396,,0.021
2704,8.462,5.187,25.205,,0.021
2722,8.226,5.907,24.7852,,0.021
2861,10.412,4.242,25.1728,,0.021
1762,10.142,0.411,25.1027,PositionalError,0.02
191,11.442,4.289,24.6707,,0.02
286,10.37,5.44,25.3475,,0.02
655,8.232,4.917,24.6826,,0.02
1032,8.987,4.707,25.2247,,0.02
1133,8.247,5.128,25.2902,,0.02
1782,11.963,5.977,24.8945,,0.02
2133,10.072,4.203,24.7016,,0.02
2826,11.853,4.717,24.8008,,0.02
139,8.252,4.737,25.1055,,0.019
560,10.176,4.126,24.5559,,0.019
561,11.446,4.655,24.8765,,0.019
719,11.021,4.279,25.3923,,0.019
1071,9.26,4.257,25.0256,,0.019
1084,9.171,4.869,24.8768,,0.019
1269,8.934,4.182,25.0376,,0.019
1292,10.185,4.491,24.6064,,0.019
1343,11.159,5.246,24.6872,,0.019
1394,11.296,4.337,24.5691,,0.019
2721,9.586,5.672,25.4146,,0.019
269,10.177,4.973,25.3632,,0.018
272,11.776,4.64,25.3018,,0.018
289,10.654,5.213,24.6691,,0.018
306,8.863,4.281,25.1881,,0.018
787,10.741,4.676,24.6544,,0.018
839,11.704,4.224,24.6594,,0.018
849,9.033,5.493,25.4454,,0.018
1064,10.089,4.153,25.1644,,0.018
1126,11.733,5.847,24.8909,,0.018
1186,11.998,5.186,25.0134,,0.018
1420,8.967,4.558,24.9271,,0.018
1575,9.273,4.544,24.5081,,0.018
1621,10.558,5.632,25.3497,,0.018
1623,8.968,5.01,25.3907,,0.018
1819,11.448,5.723,25.0113,,0.018
2305,9.453,5.483,25.4114,,0.018
2410,8.153,4.66,25.2624,,0.018
2425,9.847,5.261,24.7028,,0.018
2624,9.019,5.481,25.1978,,0.018
2965,17.544,4.286,25.4967,ForceSpike,0.017
188,11.02,4.899,24.6642,,0.017
583,11.13,4.303,24.8594,,0.017
645,11.756,5.856,24.6416,,0.017
762,9.359,5.036,25.2971,,0.017
782,8.567,4.106,25.3523,,0.017
1027,10.791,4.866,24.9907,,0.017
1056,8.463,4.356,25.0167,,0.017
1142,11.067,5.306,24.7588,,0.017
1611,10.605,4.982,25.2775,,0.017
2065,9.193,5.96,24.9428,,0.017
2942,9.74,5.588,25.0416,,0.017
419,9.426,5.654,24.9364,,0.016
756,9.824,5.735,25.3945,,0.016
840,9.517,5.302,24.548,,0.016
905,8.288,5.904,25.3928,,0.016
1335,9.152,5.627,24.6113,,0.016
1359,11.103,5.366,24.8961,,0.016
1360,10.822,4.304,24.9414,,0.016
1746,10.149,5.194,25.1559,,0.016
2104,11.306,5.047,24.8713,,0.016
2877,8.324,4.524,25.1304,,0.016
171,10.46,5.998,24.941,,0.015
182,10.378,5.198,24.7395,,0.015
332,8.723,5.315,24.5051,,0.015
353,9.194,5.872,24.8932,,0.015
487,8.42,5.506,24.8108,,0.015
613,9.917,5.266,24.5794,,0.015
1387,10.422,5.422,25.164,,0.015
1398,9.888,5.379,25.1464,,0.015
1415,8.069,4.731,25.417,,0.015
1690,9.846,5.732,25.0409,,0.015
2282,10.324,5.274,24.5151,,0.015
2843,11.915,5.118,25.258,,0.015
2946,8.143,5.795,25.0211,,0.015
1604,8.572,4.39,35.467,TempSpike,0.014
2978,10.438,4.934,32.8525,TempSpike,0.014
217,10.222,4.004,24.7945,,0.014
446,9.514,5.755,24.582,,0.014
1405,8.232,5.25,24.885,,0.014
1828,8.994,5.267,24.5677,,0.014
1960,11.133,5.363,25.2274,,0.014
2031,9.14,4.74,24.8518,,0.014
2563,10.23,4.099,24.552,,0.014
2754,8.638,4.48,24.6134,,0.014
321,8.083,5.259,25.3954,,0.013
451,9.133,4.229,24.9877,,0.013
617,10.564,5.056,24.8236,,0.013
731,8.04,4.581,25.4212,,0.013
788,8.484,5.009,25.1479,,0.013
851,8.236,4.825,25.3138,,0.013
942,10.869,5.115,24.6602,,0.013
1144,11.311,5.428,25.2698,,0.013
1203,9.869,4.212,25.425,,0.013
1204,8.355,4.605,24.7644,,0.013
1233,11.403,5.64,24.7145,,0.013
1381,9.046,5.438,24.8652,,0.013
1424,10.643,4.092,24.8848,,0.013
1473,10.436,5.845,25.0913,,0.013
2010,9.065,5.537,25.4512,,0.013
2203,9.984,5.435,24.5655,,0.013
2220,11.379,5.297,25.3903,,0.013
2263,9.484,4.207,24.7804,,0.013
2301,9.748,5.14,25.1327,,0.013
2353,11.369,4.18,25.466,,0.013
2888,8.42,4.205,25.424,,0.013
2995,9.803,5.593,25.2781,,0.013
228,8.56,4.68,31.6332,TempSpike,0.012
1115,11.76,0.118,24.5013,PositionalError,0.012
367,9.956,5.775,24.6326,,0.012
527,10.316,4.332,24.6433,,0.012
558,10.509,4.229,24.6464,,0.012
647,8.587,5.381,24.547,,0.012
764,8.034,4.057,25.3143,,0.012
870,9.13,4.76,25.0843,,0.012
989,11.282,4.987,25.3011,,0.012
1091,11.688,4.352,24.7902,,0.012
1241,8.27,4.959,25.3256,,0.012
1303,8.164,5.252,24.6097,,0.012
2326,9.572,4.942,25.1789,,0.012
2487,8.448,5.315,24.704,,0.012
2504,8.583,4.814,24.9476,,0.012
2654,11.617,4.231,24.8847,,0.012
2724,11.986,5.749,24.9768,,0.012
2875,8.898,5.878,25.3286,,0.012
2953,8.04,5.826,24.9857,,0.012
2962,11.874,4.718,25.0754,,0.012
2268,8.113,1.134,24.6919,PositionalError,0.011
2989,9.556,1.211,24.8774,PositionalError,0.011
270,8.857,5.396,24.517,,0.011
418,11.293,5.675,24.8199,,0.011
638,8.955,5.187,25.3565,,0.011
662,8.916,4.642,25.2408,,0.011
704,11.282,5.343,25.2668,,0.011
1117,8.857,4.22,24.7481,,0.011
1472,9.55,4.711,25.1945,,0.011
1520,8.506,5.039,25.3738,,0.011
1583,9.887,4.791,25.2292,,0.011
1640,9.114,4.391,25.2095,,0.011
1742,9.606,4.335,24.9574,,0.011
1888,8.172,5.597,24.9454,,0.011
1911,11.377,4.22,24.5667,,0.011
1936,11.128,4.948,25.1368,,0.011
2101,11.35,5.183,24.9872,,0.011
2163,10.677,4.524,25.3575,,0.011
2400,9.315,4.563,25.2574,,0.011
2453,8.329,5.318,24.5825,,0.011
2653,9.849,4.542,25.3114,,0.011
2668,9.54,4.611,25.1928,,0.011
2680,9.487,4.407,24.8126,,0.011
2689,8.293,4.324,24.5022,,0.011
984,9.449,0.984,25.2472,PositionalError,0.01
1147,11.58,0.701,24.5575,PositionalError,0.01
233,19.82,4.966,25.2084,ForceSpike,0.01
208,8.443,4.111,24.6454,,0.01
211,10.642,4.197,25.1752,,0.01
239,11.122,4.888,24.5009,,0.01
389,9.262,5.68,24.8932,,0.01
392,9.859,5.725,25.3104,,0.01
611,10.962,5.404,25.2208,,0.01
665,8.495,5.665,24.5035,,0.01
707,8.076,5.368,24.7256,,0.01
738,9.861,4.644,24.8687,,0.01
873,10.478,5.453,25.4148,,0.01
1033,11.619,5.174,24.6335,,0.01
1052,10.782,5.91,24.5112,,0.01
1211,9.323,4.072,25.3364,,0.01
1318,10.285,5.005,24.6439,,0.01
1351,11.892,5.906,24.9464,,0.01
1358,11.247,5.004,25.4161,,0.01
1498,11.932,5.162,25.3707,,0.01
1582,9.252,4.331,25.1465,,0.01
1650,10.423,4.931,24.8743,,0.01
1677,11.651,5.896,24.6225,,0.01
1869,11.082,4.745,24.5437,,0.01
2020,9.536,5.892,25.2148,,0.01
2039,9.4,5.939,24.9926,,0.01
2154,11.752,5.114,24.5641,,0.01
2158,11.494,5.065,24.8238,,0.01
2251,10.028,4.878,24.972,,0.01
2274,8.443,4.707,24.6367,,0.01
2300,9.577,4.523,24.7409,,0.01
2427,10.101,5.037,24.5831,,0.01
2760,10.444,5.939,24.686,,0.01
2839,9.2,5.124,25.2935,,0.01
2854,9.677,5.226,25.1369,,0.01
2898,9.559,4.574,24.7057,,0.01
260,10.104,5.5,34.1266,TempSpike,0.009
1924,8.916,5.842,34.5705,TempSpike,0.009
977,10.549,0.81,25.2624,PositionalError,0.009
338,19.36,4.24,24.7451,ForceSpike,0.009
631,17.85,5.435,25.0947,ForceSpike,0.009
12,11.13,5.653,24.7087,,0.009
159,8.424,4.968,24.5355,,0.009
160,11.779,5.128,24.75,,0.009
328,8.093,4.698,24.9338,,0.009
370,8.1,5.537,25.2131,,0.009
432,10.825,4.81,25.0304,,0.009
470,8.933,5.83,24.5933,,0.009
729,11.08,4.45,24.718,,0.009
869,8.555,5.934,24.6563,,0.009
913,11.612,5.899,25.0087,,0.009
936,9.41,4.845,24.528,,0.009
988,9.768,5.993,25.1995,,0.009
1107,11.644,5.031,25.3847,,0.009
1137,10.781,4.883,24.8858,,0.009
1138,8.245,5.672,24.5198,,0.009
1156,9.026,4.907,25.4321,,0.009
1448,10.944,4.148,25.2269,,0.009
1460,8.943,5.659,24.9777,,0.009
1543,8.118,5.727,24.9804,,0.009
1595,8.896,5.933,24.7695,,0.009
1638,10.97,4.173,25.1098,,0.009
1649,9.626,4.15,24.6827,,0.009
1740,8.14,4.541,25.4345,,0.009
1759,9.915,5.61,24.8106,,0.009
1826,9.203,5.345,24.7164,,0.009
1890,9.395,4.249,25.3802,,0.009
1953,8.671,4.613,24.6357,,0.009
2102,8.009,4.199,25.1032,,0.009
2137,8.019,5.918,25.3563,,0.009
2156,8.652,5.091,24.9167,,0.009
2157,8.852,4.067,24.9848,,0.009
2239,9.402,4.591,24.5016,,0.009
2253,10.778,5.673,25.166,,0.009
2370,10.315,4.626,24.5407,,0.009
2387,9.242,4.04,25.1052,,0.009
2405,9.47,4.454,24.7695,,0.009
2552,11.766,4.123,24.6585,,0.009
2663,10.327,4.319,25.4642,,0.009
2822,10.556,5.03,24.7405,,0.009
2829,11.438,4.403,24.9927,,0.009
2830,11.585,4.667,25.1557,,0.009
2873,9.972,5.773,25.1255,,0.009
190,8.72,4.009,33.5078,TempSpike,0.008
1098,9.788,5.977,32.6293,TempSpike,0.008
244,10.001,0.899,25.0882,PositionalError,0.008
2850,10.612,0.227,25.1418,PositionalError,0.008
5,8.23,5.615,24.5568,,0.008
186,9.356,4.569,25.1902,,0.008
199,8.707,4.066,25.3515,,0.008
257,11.596,5.086,25.0268,,0.008
309,9.055,4.11,25.3143,,0.008
362,9.687,4.006,24.5714,,0.008
537,8.38,4.925,25.0228,,0.008
559,10.939,5.411,24.7429,,0.008
610,11.306,5.284,24.5812,,0.008
635,11.326,4.058,25.0244,,0.008
765,11.453,4.614,24.5028,,0.008
797,9.735,4.191,24.8329,,0.008
803,11.775,4.545,25.4418,,0.008
831,8.332,5.624,24.9921,,0.008
944,8.032,5.294,24.8384,,0.008
946,8.925,5.387,25.1759,,0.008
948,11.367,4.614,24.9774,,0.008
1088,10.086,5.144,24.8505,,0.008
1121,9.147,5.63,25.2725,,0.008
1124,11.232,5.155,25.246,,0.008
1143,8.103,5.34,25.3021,,0.008
1162,9.52,4.863,24.9451,,0.008
1168,9.426,4.026,25.4517,,0.008
1391,9.171,5.86,24.89,,0.008
1452,10.825,4.234,25.0097,,0.008
1597,9.168,4.115,25.138,,0.008
1619,8.661,4.396,25.2987,,0.008
1620,8.005,4.443,25.351,,0.008
1776,10.732,4.824,25.4834,,0.008
1777,10.66,4.599,25.0411,,0.008
1787,9.783,5.5,24.7601,,0.008
1870,8.513,5.222,24.9232,,0.008
1902,11.884,4.655,24.8098,,0.008
2037,8.077,5.522,24.6977,,0.008
2160,8.783,5.414,24.5082,,0.008
2192,9.618,5.402,25.4411,,0.008
2259,8.817,4.996,24.6198,,0.008
2302,11.245,5.499,25.3468,,0.008
2306,9.011,5.282,24.9664,,0.008
2359,11.76,5.479,24.8396,,0.008
2520,9.281,4.87,25.0953,,0.008
2531,9.022,4.987,25.0199,,0.008
2541,8.113,4.072,24.9855,,0.008
2669,11.81,5.089,25.3696,,0.008
2703,8.872,4.036,25.2882,,0.008
2716,10.075,4.717,24.5047,,0.008
2743,9.637,5.612,24.8861,,0.008
2840,8.658,4.835,25.2002,,0.008
2867,9.237,4.629,24.9248,,0.008
2904,11.035,5.468,24.7479,,0.008
2977,10.554,4.601,24.5432,,0.008
420,10.27,5.691,34.3241,TempSpike,0.007
730,8.569,0.949,24.8979,PositionalError,0.007
1110,16.511,5.654,24.9327,ForceSpike,0.007
8,9.753,5.145,25.4484,,0.007
20,8.759,5.329,24.5589,,0.007
110,11.556,4.553,25.0506,,0.007
154,8.767,4.905,24.6766,,0.007
195,8.859,4.557,25.3163,,0.007
220,9.75,4.661,25.2603,,0.007
245,11.082,5.49,25.3148,,0.007
251,9.567,4.511,24.7549,,0.007
273,10.167,5.918,25.1159,,0.007
326,10.249,5.084,24.9164,,0.007
330,11.303,4.264,24.566,,0.007
350,11.808,5.893,24.988,,0.007
588,10.277,5.979,24.9779,,0.007
597,11.973,5.358,25.1359,,0.007
605,9.709,5.191,24.9326,,0.007
608,10.781,4.682,25.3031,,0.007
612,11.051,5.435,25.2009,,0.007
720,8.947,4.734,24.675,,0.007
770,8.768,5.82,24.6774,,0.007
781,8.725,4.559,24.6164,,0.007
903,9.061,4.687,24.6709,,0.007
907,11.208,4.298,24.8346,,0.007
916,9.562,4.664,24.8443,,0.007
970,10.701,5.434,24.6294,,0.007
973,9.3,4.779,25.1762,,0.007
1072,9.786,4.315,25.4462,,0.007
1097,8.658,5.751,25.3952,,0.007
1099,8.637,5.574,24.9023,,0.007
1116,8.481,5.867,24.6048,,0.007
1123,8.073,4.097,24.8027,,0.007
1154,11.424,5.059,24.9293,,0.007
1170,9.226,5.386,24.9936,,0.007
1182,8.365,5.529,24.8466,,0.007
1310,8.702,4.756,25.3923,,0.007
1338,10.747,4.351,25.1623,,0.007
1344,9.316,4.893,25.3472,,0.007
1454,9.73,4.114,25.2092,,0.007
1521,9.814,5.216,25.3232,,0.007
1553,8.572,4.074,24.5774,,0.007
1618,10.984,5.595,24.8924,,0.007
1660,9.9,5.69,24.7406,,0.007
1702,10.618,5.955,24.6661,,0.007
1756,11.687,4.173,25.0784,,0.007
1761,9.879,4.543,24.5003,,0.007
1852,8.992,4.154,24.7156,,0.007
1904,10.881,4.059,25.1457,,0.007
1923,11.045,5.817,25.1478,,0.007
1952,11.796,5.211,24.7871,,0.007
2053,11.718,4.258,25.0691,,0.007
2087,9.761,5.561,25.127,,0.007
2219,10.692,5.834,24.9253,,0.007
2221,11.006,4.531,24.7565,,0.007
2254,10.394,5.474,25.3645,,0.007
2404,10.601,5.47,25.1336,,0.007
2455,11.346,4.372,25.311,,0.007
2457,9.414,5.844,24.7354,,0.007
2514,11.918,4.613,24.679,,0.007
2617,8.437,4.447,24.7057,,0.007
2618,10.199,4.764,25.4025,,0.007
2678,10.458,5.676,24.6612,,0.007
2735,11.668,4.947,24.6806,,0.007
2889,9.258,4.69,25.1769,,0.007
2896,11.426,4.646,24.7337,,0.007
471,10.942,5.466,34.9536,TempSpike,0.006
1206,10.281,4.886,35.9843,TempSpike,0.006
1654,8.613,4.622,34.1702,TempSpike,0.006
2026,8.246,4.655,35.6076,TempSpike,0.006
1087,10.208,0.624,25.2773,PositionalError,0.006
1189,20.507,5.701,25.0067,ForceSpike,0.006
1770,18.962,4.454,25.0102,ForceSpike,0.006
2,10.404,4.872,24.6514,,0.006
15,10.701,4.985,24.8178,,0.006
30,10.037,4.425,24.9273,,0.006
135,10.543,4.342,25.0124,,0.006
143,9.568,4.021,25.4609,,0.006
189,11.785,5.844,25.0373,,0.006
194,11.021,5.805,25.4871,,0.006
252,11.434,5.388,24.7817,,0.006
253,11.241,4.027,25.1332,,0.006
259,11.96,5.096,25.1728,,0.006
267,11.329,5.168,24.5692,,0.006
268,9.455,5.463,24.5028,,0.006
274,11.523,5.544,24.5599,,0.006
291,10.863,4.163,24.5045,,0.006
324,11.245,4.994,25.2132,,0.006
453,9.173,4.434,25.1109,,0.006
536,9.997,5.748,25.0353,,0.006
553,10.775,5.608,24.8004,,0.006
555,9.248,4.261,24.8954,,0.006
571,8.402,5.615,24.9068,,0.006
577,9.561,4.788,25.0698,,0.006
585,10.958,4.437,25.0334,,0.006
609,10.575,4.486,24.5363,,0.006
614,9.927,5.531,24.5942,,0.006
650,8.612,5.875,24.8828,,0.006
706,10.367,4.875,24.5964,,0.006
726,9.403,4.359,24.6352,,0.006
727,9.768,4.821,24.7843,,0.006
739,11.176,5.995,24.7906,,0.006
763,11.553,5.395,24.8919,,0.006
804,10.471,5.024,24.9396,,0.006
838,9.172,4.679,25.4819,,0.006
877,8.965,5.588,25.3596,,0.006
908,8.789,5.132,25.0708,,0.006
938,8.063,5.371,24.7163,,0.006
1038,8.702,4.577,25.0198,,0.006
1051,10.139,5.992,25.2575,,0.006
1086,9.848,4.47,24.8557,,0.006
1164,11.09,4.052,24.5752,,0.006
1244,11.625,4.444,24.975,,0.006
1248,11.628,4.677,25.292,,0.006
1249,8.93,4.196,25.1835,,0.006
1255,9.945,4.141,25.106,,0.006
1267,10.679,5.062,24.7338,,0.006
1407,8.158,4.395,25.4728,,0.006
1438,9.36,4.472,24.7616,,0.006
1446,10.629,5.096,24.8613,,0.006
1485,11.738,4.597,24.8185,,0.006
1546,10.43,5.874,25.1255,,0.006
1605,8.645,4.414,24.8377,,0.006
1633,11.985,4.249,25.0677,,0.006
1648,8.851,5.16,24.8084,,0.006
1661,9.479,4.297,24.8036,,0.006
1822,8.807,4.477,25.088,,0.006
1850,11.715,4.394,24.9825,,0.006
1898,10.998,4.358,25.3523,,0.006
1922,9.093,5.614,25.4764,,0.006
2038,10.367,4.069,24.6325,,0.006
2153,11.922,4.721,25.1505,,0.006
2164,8.884,5.342,25.4733,,0.006
2258,9.251,5.09,24.7784,,0.006
2271,10.111,5.835,25.1708,,0.006
2317,11.42,4.658,24.8236,,0.006
2349,11.547,4.63,25.2934,,0.006
2355,11.604,5.999,25.4004,,0.006
2358,11.771,5.477,24.9483,,0.006
2544,10.623,5.745,25.0234,,0.006
2556,11.13,5.437,25.0393,,0.006
2564,11.176,4.798,25.3044,,0.006
2594,9.472,5.319,25.0404,,0.006
2606,9.27,5.921,24.8024,,0.006
2607,8.354,4.594,24.8096,,0.006
2622,11.101,4.631,25.104,,0.006
2623,11.787,5.007,25.4466,,0.006
2630,11.796,4.843,25.3501,,0.006
2658,8.591,4.959,24.6427,,0.006
2667,10.389,5.64,24.6542,,0.006
2702,9.789,4.884,25.3789,,0.006
2705,9.645,5.062,24.6626,,0.006
2733,8.975,5.771,25.2791,,0.006
2756,9.941,4.406,25.4665,,0.006
2758,11.925,4.667,25.4592,,0.006
2761,10.265,5.042,24.7944,,0.006
2832,9.288,4.669,25.0235,,0.006
2846,8.603,5.012,25.4149,,0.006
2848,9.244,4.432,25.153,,0.006
2858,8.069,5.212,25.1625,,0.006
2863,11.283,5.548,24.5285,,0.006
2905,11.496,5.745,24.7503,,0.006
2938,8.375,4.939,24.6046,,0.006
734,8.244,4.302,31.0692,TempSpike,0.005
1120,8.252,4.987,31.2313,TempSpike,0.005
2255,8.927,5.68,35.4877,TempSpike,0.005
2294,11.772,4.631,31.7008,TempSpike,0.005
2492,10.908,4.211,32.4125,TempSpike,0.005
16,10.563,0.69,24.9199,PositionalError,0.005
1802,8.541,0.415,24.9153,PositionalError,0.005
2394,8.404,0.968,25,PositionalError,0.005
2572,9.045,1.029,25.0651,PositionalError,0.005
2935,9.035,0.232,24.7695,PositionalError,0.005
574,18.233,4.36,24.5821,ForceSpike,0.005
649,16.105,5.286,24.7716,ForceSpike,0.005
1340,17.038,5.542,24.6551,ForceSpike,0.005
1388,20.169,4.719,24.5078,ForceSpike,0.005
2084,16.292,4.566,24.7572,ForceSpike,0.005
2339,19.049,5.659,24.91,ForceSpike,0.005
11,11.736,5.256,25.4339,,0.005
14,10.459,5.261,25.2591,,0.005
37,9.31,4.185,24.9011,,0.005
38,10.614,4.255,25.1015,,0.005
46,8.037,5.842,25.1116,,0.005
103,8.403,4.744,25.4096,,0.005
115,11.442,4.798,25.08,,0.005
118,10.795,5.295,25.0853,,0.005
132,9.657,4.712,25.2474,,0.005
137,10.594,4.947,24.6376,,0.005
144,11.554,5.846,24.6827,,0.005
147,9.906,5.668,25.316,,0.005
157,10.968,5.243,24.8335,,0.005
180,10.093,5.743,24.7553,,0.005
183,10.633,4.725,25.0773,,0.005
192,11.747,5.719,24.652,,0.005
213,9.315,4.348,24.9672,,0.005
219,9.21,5.306,25.2121,,0.005
229,10.617,5.018,25.3748,,0.005
234,9.689,4.016,24.7904,,0.005
243,10.699,4.724,25.3557,,0.005
261,11.576,4.388,24.8151,,0.005
285,8.036,4.951,24.9411,,0.005
322,11.405,4.196,25.3322,,0.005
329,8.632,5.946,24.6986,,0.005
333,11.631,5.689,24.9994,,0.005
363,11.436,4.127,25.2094,,0.005
364,10.785,4.58,25.1086,,0.005
365,9.667,4.086,24.8928,,0.005
371,10.864,5.37,25.4628,,0.005
397,11.207,4.667,25.0063,,0.005
424,10.699,5.49,24.7278,,0.005
430,8.837,4.926,24.9322,,0.005
468,10.73,4.629,25.248,,0.005
472,9.985,5.877,25.4558,,0.005
528,9.883,4.246,25.4472,,0.005
545,8.003,5.201,24.5347,,0.005
551,9.167,5.562,25.3736,,0.005
584,11.202,4.76,24.5138,,0.005
586,10.722,4.913,25.1104,,0.005
589,10.241,5.207,25.1552,,0.005
632,8.711,5.935,25.3895,,0.005
658,11.556,5.696,25.4121,,0.005
680,11.014,5.204,24.7944,,0.005
769,10.072,5.472,24.5828,,0.005
771,8.149,4.089,25.0427,,0.005
774,11.687,4.119,25.4267,,0.005
850,9.329,4.773,25.0694,,0.005
887,8.187,5.403,24.8227,,0.005
909,10.774,5.696,24.9352,,0.005
940,10.85,5.119,24.7566,,0.005
986,9.789,5.367,24.9378,,0.005
995,9.129,5.469,24.9484,,0.005
1022,10.24,4.138,25.3344,,0.005
1036,8.366,4.246,25.216,,0.005
1045,9.413,4.646,25.2417,,0.005
1055,9.659,5.617,25.445,,0.005
1068,10.382,4.714,25.3714,,0.005
1100,11.822,5.46,24.7623,,0.005
1102,9.308,4.315,25.2772,,0.005
1103,8.956,4.667,24.6229,,0.005
1108,10.977,4.689,25.2751,,0.005
1119,8.989,4.575,24.8791,,0.005
1132,11.389,5.947,25.0587,,0.005
1175,9.842,5.564,25.1309,,0.005
1234,10.502,4.648,25.2335,,0.005
1355,8.87,5.01,24.557,,0.005
1357,8.35,4.007,24.7753,,0.005
1365,8.828,4.308,25.0736,,0.005
1411,11.475,5.997,24.7639,,0.005
1426,11.117,5.062,25.1361,,0.005
1442,10.9,5.15,25.4785,,0.005
1518,8.223,4.146,24.7039,,0.005
1549,8.487,5.642,24.9018,,0.005
1555,8.188,5.085,24.5445,,0.005
1558,8.01,4.283,25.0795,,0.005
1571,11.993,4.078,24.8918,,0.005
1577,9.831,5.377,25.4521,,0.005
1616,11.066,5.595,25.0602,,0.005
1651,11.365,5.973,25.1939,,0.005
1652,9.856,4.501,25.0018,,0.005
1655,11.875,5.87,24.65,,0.005
1662,11.375,5.996,25.4678,,0.005
1724,11.352,4.865,24.7096,,0.005
1738,10.65,4.116,25.4351,,0.005
1752,9.487,5.804,24.757,,0.005
1763,11.173,4.666,24.9814,,0.005
1767,9.489,5.266,25.189,,0.005
1789,9.964,5.278,25.4307,,0.005
1796,11.37,4.344,24.981,,0.005
1801,9.741,4.14,25.373,,0.005
1803,11,4.099,24.6143,,0.005
1836,9.077,4.147,25.1939,,0.005
1853,8.814,4.272,25.0455,,0.005
1934,10.675,4.087,24.8986,,0.005
1950,8.699,4.231,24.9859,,0.005
2001,10.674,5.128,25.2344,,0.005
2003,9.895,5.831,24.7924,,0.005
2021,8.537,4.834,25.2924,,0.005
2044,8.137,5.037,24.7276,,0.005
2055,11.522,4.44,25.0044,,0.005
2063,10.359,4.415,25.0856,,0.005
2081,8.267,4.275,24.9531,,0.005
2127,9.714,4.732,24.5926,,0.005
2132,11.453,5.812,24.7112,,0.005
2138,8.766,4.939,25.3486,,0.005
2139,10.306,5.933,24.629,,0.005
2152,10.976,4.752,25.2291,,0.005
2165,8.25,4.44,24.8282,,0.005
2173,11.358,5.505,24.5765,,0.005
2196,11.011,4.476,25.3023,,0.005
2235,9.847,4.799,25.1288,,0.005
2270,11.227,5.218,25.1504,,0.005
2330,9.243,4.459,25.2223,,0.005
2337,11.267,5.066,24.826,,0.005
2347,9.966,5.355,25.2441,,0.005
2356,11.648,4.663,24.9715,,0.005
2371,11.197,4.72,25.4741,,0.005
2411,11.432,4.379,24.9411,,0.005
2437,9.324,4.4,24.5355,,0.005
2464,11.716,5.77,24.8922,,0.005
2505,8.022,5.762,24.9177,,0.005
2545,11.214,5.981,24.8685,,0.005
2553,10.22,5.516,25.4442,,0.005
2602,10.75,5.737,25.0776,,0.005
2608,9.471,4.932,25.2099,,0.005
2611,9.989,4.065,24.7067,,0.005
2620,8.54,4.29,24.849,,0.005
2638,8.254,4.953,25.3282,,0.005
2656,10.615,4.908,25.4477,,0.005
2661,10.978,4.324,25.2453,,0.005
2683,11.531,5.858,25.4027,,0.005
2696,11.833,5.137,25.2909,,0.005
2717,8.525,4.417,24.7905,,0.005
2725,9.863,5.158,25.4644,,0.005
2727,10.847,4.946,25.342,,0.005
2732,8.821,4.233,25.141,,0.005
2736,8.98,5.322,25.2245,,0.005
2748,10.951,5.536,25.1271,,0.005
2771,9.348,4.791,25.2162,,0.005
2781,11.976,5.991,24.5522,,0.005
2831,10.116,5.237,24.7553,,0.005
2845,8.263,5.743,25.1423,,0.005
2855,10.907,4.949,25.4765,,0.005
2857,8.835,5.147,24.5923,,0.005
2872,11.641,5.579,25.274,,0.005
2883,10.72,5.853,25.2077,,0.005
2916,11.248,4.424,24.7161,,0.005
2954,9.637,5.205,25.4138,,0.005
226,8.198,5.634,31.5036,TempSpike,0.004
458,10.085,5.687,31.9454,TempSpike,0.004
1008,8.334,4.675,32.7545,TempSpike,0.004
1018,8.963,5.826,35.0899,TempSpike,0.004
1199,10.94,4.541,34.5046,TempSpike,0.004
1296,11.529,4.439,35.7443,TempSpike,0.004
1469,11.124,5.89,32.6739,TempSpike,0.004
1578,9.302,5.954,33.5419,TempSpike,0.004
1967,10.902,4.104,35.0783,TempSpike,0.004
2091,9.428,4.612,35.5964,TempSpike,0.004
2292,8.331,5.492,31.0117,TempSpike,0.004
2325,8.759,4.136,35.5862,TempSpike,0.004
2511,9.796,5.2,31.3107,TempSpike,0.004
2598,8.65,5.094,31.9207,TempSpike,0.004
56,11.974,0.404,25.1593,PositionalError,0.004
169,11.642,1.029,25.4619,PositionalError,0.004
651,11.562,0.717,25.0228,PositionalError,0.004
691,8.094,1.126,24.8912,PositionalError,0.004
1507,8.169,0.685,25.3153,PositionalError,0.004
1576,8.482,0.566,25.0102,PositionalError,0.004
2276,11.637,0.771,24.9126,PositionalError,0.004
2837,10.538,0.708,25.4654,PositionalError,0.004
61,16.606,4.997,24.601,ForceSpike,0.004
280,16.085,5.64,25.0409,ForceSpike,0.004
476,20.596,4.328,25.309,ForceSpike,0.004
855,16.231,5.135,25.2406,ForceSpike,0.004
1065,18.085,4.222,25.3202,ForceSpike,0.004
1316,18.98,5.683,24.8771,ForceSpike,0.004
1556,17.351,5.755,25.1969,ForceSpike,0.004
1976,20.626,5.434,25.4672,ForceSpike,0.004
1978,17.932,4.826,25.0796,ForceSpike,0.004
9,10.379,5.114,25.3801,,0.004
10,10.426,4.578,24.9357,,0.004
13,11.374,4.769,24.7131,,0.004
21,9.933,5.05,25.2792,,0.004
40,11.326,5.226,25.0852,,0.004
41,9.387,5.829,24.7122,,0.004
45,11.683,4.162,24.5998,,0.004
50,10.366,4.56,25.2705,,0.004
66,11.919,5.684,24.5402,,0.004
91,8.921,4.398,25.0925,,0.004
100,9.134,5.133,25.2663,,0.004
101,11.683,4.531,25.1622,,0.004
136,8.08,5.398,24.8552,,0.004
149,9.277,5.399,24.9042,,0.004
152,11.827,5.519,25.1685,,0.004
155,11.897,5.945,25.2575,,0.004
161,9.813,5.129,25.3263,,0.004
162,11.696,4.189,25.0785,,0.004
170,9.498,5.77,24.7443,,0.004
173,8.518,5.705,24.9232,,0.004
174,10.386,4.595,24.5128,,0.004
181,8.244,4.462,24.864,,0.004
196,10.299,4.431,25.1145,,0.004
198,9.443,4.723,25.4038,,0.004
200,11.896,5.566,24.7817,,0.004
202,10.716,5.514,25.1831,,0.004
206,8.678,4.63,25.0415,,0.004
207,9.842,4.428,25.4401,,0.004
210,11.079,5.357,25.2858,,0.004
221,8.031,5.827,24.9988,,0.004
222,8.445,4.35,24.6722,,0.004
238,11.51,4.446,24.8453,,0.004
241,10.615,5.284,25.0895,,0.004
247,9.197,5.79,24.9045,,0.004
248,11.511,4.162,25.0361,,0.004
249,10.498,5.898,24.6031,,0.004
258,8.79,5.381,24.6822,,0.004
263,8.866,4.594,25.4394,,0.004
271,8.074,4.202,24.9167,,0.004
292,11.969,5.279,24.88,,0.004
298,10.537,4.197,25.1881,,0.004
307,11.359,5.378,24.9772,,0.004
308,11.365,5.244,24.7077,,0.004
314,11.057,5.525,25.3161,,0.004
318,10.819,4.317,25.2355,,0.004
320,11.856,4.589,25.1951,,0.004
341,9.474,5.111,24.6294,,0.004
383,9.843,4.745,25.3276,,0.004
387,9.09,5.441,25.399,,0.004
400,8.339,4.884,24.7972,,0.004
411,9.193,5.36,25.0407,,0.004
421,10.406,4.931,24.9801,,0.004
425,8.875,5.668,24.5295,,0.004
426,9.234,5.412,24.9423,,0.004
429,10.565,4.57,24.9545,,0.004
433,11.275,5.534,25.2791,,0.004
455,11.979,5.598,25.3361,,0.004
463,11.118,4.139,24.9979,,0.004
464,11.298,5.381,24.6413,,0.004
516,9.188,4.818,25.1883,,0.004
518,11.845,5.023,24.7673,,0.004
522,10.357,5.54,25.0534,,0.004
524,8.42,4.207,24.7434,,0.004
530,9.781,5.505,24.6279,,0.004
531,8.244,4.458,24.6621,,0.004
534,8.939,5.877,25.1991,,0.004
540,9.886,5.355,24.7354,,0.004
543,8.999,5.443,24.8521,,0.004
556,8.325,4.299,25.3827,,0.004
557,11.815,5.591,25.3692,,0.004
562,10.29,5.345,25.3343,,0.004
567,11.934,4.801,24.8103,,0.004
575,9.813,5.756,25.1949,,0.004
579,10.174,5.747,25.4484,,0.004
615,11.069,5.862,25.2441,,0.004
621,11.334,4.657,24.9281,,0.004
628,9.419,4.237,24.6742,,0.004
639,9.536,5.028,25.2382,,0.004
642,11.427,4.728,24.558,,0.004
689,9.232,5.188,25.0722,,0.004
700,9,5.028,25.0982,,0.004
701,11.989,4.442,24.9661,,0.004
721,9.283,4.4,25.2489,,0.004
732,11.939,4.3,25.3085,,0.004
744,8.603,5.927,24.7256,,0.004
748,8.882,4.655,25.3808,,0.004
757,9.686,4.893,25.4396,,0.004
766,8.601,5.098,24.9496,,0.004
783,10.244,4.719,25.18,,0.004
790,8.91,4.185,24.6663,,0.004
791,9.552,4.14,25.3915,,0.004
808,8.984,4.834,25.2892,,0.004
810,11.636,4.722,24.8592,,0.004
818,9.822,4.513,25.1926,,0.004
821,8.221,5.601,25.275,,0.004
825,10.654,5.694,25.4907,,0.004
837,11.293,5.467,24.5549,,0.004
852,11.301,4.755,25.3538,,0.004
854,8.253,4.988,24.8798,,0.004
861,11.17,4.574,24.6851,,0.004
862,8.597,4.626,25.1523,,0.004
879,10.401,5.987,24.6748,,0.004
888,8.265,4.52,25.4116,,0.004
904,8.582,5.163,24.669,,0.004
906,11.881,4.469,24.804,,0.004
920,10.748,4.922,24.6562,,0.004
932,8.554,4.298,25.4853,,0.004
954,10.121,4.788,24.7995,,0.004
961,11.347,4.32,25.1402,,0.004
963,10.027,5.626,25.0315,,0.004
964,10.282,4.047,24.6522,,0.004
972,9.787,4.694,24.5443,,0.004
981,10.334,5.677,25.1031,,0.004
1004,10.916,5.225,25.4135,,0.004
1007,10.261,5.268,25.0811,,0.004
1009,9.799,5.102,25.2055,,0.004
1031,8.885,4.036,25.3943,,0.004
1034,9.9,5.62,25.4255,,0.004
1035,11.251,5.53,24.9873,,0.004
1040,10.584,5.549,25.195,,0.004
1041,9.604,5.944,25.4342,,0.004
1076,8.691,5.221,24.8128,,0.004
1080,11.972,5.639,24.6914,,0.004
1089,11.13,4.288,25.4905,,0.004
1092,9.921,5.067,24.9275,,0.004
1094,10.414,4.349,25.2685,,0.004
1106,9.38,5.687,25.012,,0.004
1122,11.893,5.322,25.0763,,0.004
1125,8.217,5.939,25.0097,,0.004
1134,10.463,4.577,25.1043,,0.004
1140,10.238,4.045,24.9285,,0.004
1157,8.431,5.638,24.7824,,0.004
1184,11.798,4.43,25.1184,,0.004
1187,9.332,4.21,25.35,,0.004
1212,10.475,4.362,24.9675,,0.004
1226,11.139,5.597,25.0401,,0.004
1232,8.946,5.026,24.8671,,0.004
1243,8.62,5.973,24.7714,,0.004
1251,10.586,5.575,24.8251,,0.004
1262,9.943,4.562,24.8799,,0.004
1266,8.338,5.731,24.9876,,0.004
1273,11.416,5.425,24.9753,,0.004
1283,10.896,5.323,24.8588,,0.004
1294,10.056,4.459,25.235,,0.004
1304,9.196,4.729,24.8591,,0.004
1315,9.777,5.732,25.0214,,0.004
1321,11.604,5.021,24.9366,,0.004
1325,11.739,4.845,24.5184,,0.004
1333,10.6,5.782,24.974,,0.004
1336,10.886,5.603,25.3841,,0.004
1339,10.699,5.546,25.2358,,0.004
1346,9.728,5.026,25.0311,,0.004
1350,10.634,4.587,25.2044,,0.004
1366,9.989,5.678,25.4893,,0.004
1368,9.394,5.673,25.0495,,0.004
1369,11.721,4.86,25.0815,,0.004
1370,10.487,5.213,25.3407,,0.004
1378,11.897,5.108,24.5028,,0.004
1383,9.497,5.754,25.046,,0.004
1437,8.069,5.118,24.8582,,0.004
1444,9.073,4.036,24.579,,0.004
1447,8.258,4.955,24.8927,,0.004
1450,10.466,5.21,24.5727,,0.004
1468,9.994,4.709,24.7614,,0.004
1484,9.35,4.568,24.7614,,0.004
1502,10.601,5.351,24.6488,,0.004
1504,11.957,4.627,25.4782,,0.004
1511,8.492,5.748,25.4621,,0.004
1537,8.537,5.211,25.3328,,0.004
1541,9.52,5.08,24.51,,0.004
1544,10.976,5.612,25.1065,,0.004
1547,9.806,5.298,25.3888,,0.004
1548,8.826,4.71,24.9513,,0.004
1552,10.913,4.168,25.4267,,0.004
1557,9.959,4.28,25.3706,,0.004
1573,11.803,4.893,24.7349,,0.004
1584,10.34,5.803,25.2777,,0.004
1588,9.347,4.731,25.1036,,0.004
1603,8.617,4.182,25.1432,,0.004
1608,9.186,4.692,24.9714,,0.004
1609,10.168,4.539,25.2454,,0.004
1614,10.939,4.702,24.8504,,0.004
1626,10.545,4.426,24.6094,,0.004
1639,10.711,4.213,24.8549,,0.004
1657,11.388,5.211,25.2568,,0.004
1659,10.342,5.353,25.2725,,0.004
1664,9.503,4.768,25.0722,,0.004
1666,10.166,4.378,24.9531,,0.004
1680,10.387,4.54,25.2477,,0.004
1684,11.897,4.779,25.1894,,0.004
1688,8.86,5.473,25.1121,,0.004
1704,8.167,4.446,25.2795,,0.004
1719,9.668,4.776,25.3615,,0.004
1743,10.776,4.658,25.1571,,0.004
1753,9.062,5.595,25.4361,,0.004
1765,10.77,5.277,25.007,,0.004
1775,11.11,4.813,24.6655,,0.004
1786,11.519,4.584,24.9977,,0.004
1790,10.208,4.43,25.1693,,0.004
1820,9.993,5.911,24.949,,0.004
1837,8.223,5.963,25.0079,,0.004
1851,8.898,5.638,24.6615,,0.004
1864,9.001,5.942,24.9834,,0.004
1871,9.333,4.371,24.9184,,0.004
1872,11.813,4.524,25.34,,0.004
1881,9.728,5.089,24.5654,,0.004
1884,9.2,4.973,25.1969,,0.004
1885,9.169,4.724,24.6649,,0.004
1887,11.73,5.536,24.9047,,0.004
1900,10.804,5.058,24.9434,,0.004
1905,9.709,4.727,24.6523,,0.004
1908,9.904,5.83,24.8539,,0.004
1910,11.703,4.846,25.2763,,0.004
1917,9.708,5.23,24.7883,,0.004
1920,10.042,4.289,25.3982,,0.004
1925,8.512,5.041,24.5282,,0.004
1937,11.182,4.186,24.5448,,0.004
1939,9.183,4.79,24.649,,0.004
1940,9.767,5.009,24.6776,,0.004
1944,9.475,4.114,25.3472,,0.004
1957,8.61,4.098,24.8784,,0.004
1959,11.239,5.176,25.4278,,0.004
1962,10.17,4.92,25.24,,0.004
2023,8.095,4.649,24.6177,,0.004
2034,9.513,4.894,24.5332,,0.004
2054,8.012,4.118,24.5985,,0.004
2070,11.312,5.45,24.8635,,0.004
2074,10.852,4.496,25.1727,,0.004
2085,9.272,4.317,25.3415,,0.004
2092,8.143,5.605,24.5322,,0.004
2097,11.294,4.689,25.4407,,0.004
2121,10.571,5.848,25.499,,0.004
2126,10.805,5.168,25.2513,,0.004
2144,9.799,4.503,25.3424,,0.004
2161,8.3,5.083,24.7754,,0.004
2166,11.468,4.676,24.9482,,0.004
2186,10.612,4.131,25.2484,,0.004
2204,8.106,5.283,24.8275,,0.004
2222,8.414,4.92,25.0084,,0.004
2229,10.149,4.171,24.9871,,0.004
2230,8.787,5.186,24.8685,,0.004
2232,11.465,5.967,25.4833,,0.004
2243,8.953,4.263,25.17,,0.004
2247,9.16,5.789,25.4822,,0.004
2262,10.468,5.696,25.2526,,0.004
2266,9.222,4.236,25.4213,,0.004
2275,8.394,4.292,24.6308,,0.004
2280,10.894,5.44,25.1626,,0.004
2290,11.182,4.432,25.2062,,0.004
2295,10.419,4.752,25.0814,,0.004
2298,10.009,5.95,24.6343,,0.004
2304,8.897,5.256,25.3649,,0.004
2307,9.65,4.432,25.3301,,0.004
2310,11.156,5.159,24.9759,,0.004
2316,9.488,4.391,24.6605,,0.004
2320,9.866,4.772,24.9937,,0.004
2322,8.239,5.064,24.676,,0.004
2323,10.138,5.608,25.2337,,0.004
2324,11.225,5.035,25.2388,,0.004
2327,11.015,5.172,25.2317,,0.004
2331,8.459,5.276,25.1759,,0.004
2332,11.844,4.596,24.9285,,0.004
2333,10.912,5.483,25.1112,,0.004
2334,10.3,5.73,24.5655,,0.004
2338,8.804,4.674,25.3473,,0.004
2340,11.862,4.879,24.9912,,0.004
2343,10.97,4.136,24.6285,,0.004
2344,10.361,5.913,25.4643,,0.004
2345,11.684,5.674,25.3344,,0.004
2346,11.971,5.918,25.4616,,0.004
2348,10.241,4.403,24.7019,,0.004
2350,9.122,4.774,25.0809,,0.004
2360,8.91,4.797,25.2548,,0.004
2364,11.063,4.133,24.7162,,0.004
2365,9.346,5.803,24.8929,,0.004
2366,9.123,5.292,25.397,,0.004
2368,11.44,5.495,25.0555,,0.004
2375,8.289,5.824,25.3914,,0.004
2377,11.378,4.084,25.3144,,0.004
2378,10.267,5.925,25.2634,,0.004
2379,9.211,4.997,25.291,,0.004
2381,11.126,4.144,25.2489,,0.004
2383,11.981,4.238,25.2755,,0.004
2388,9.503,4.13,25.3501,,0.004
2389,8.363,5.024,24.9301,,0.004
2390,11.424,6,25.2447,,0.004
2395,9.653,5.89,25.0756,,0.004
2397,8.505,4.191,24.6836,,0.004
2415,9.77,4.595,25.4923,,0.004
2416,11.86,5.859,24.6669,,0.004
2428,11.715,4.784,24.9529,,0.004
2441,11.08,4.2,24.8853,,0.004
2462,8.458,4.538,25.4912,,0.004
2471,10.444,5.221,25.1894,,0.004
2481,11.513,5.422,24.665,,0.004
2483,10.739,5.047,24.8412,,0.004
2495,11.915,5.895,25.0821,,0.004
2496,9.504,4.644,24.6594,,0.004
2512,10.487,4.831,25.1187,,0.004
2519,8.475,5.181,24.9936,,0.004
2522,11.144,4.909,25.3833,,0.004
2542,8.331,4.529,24.5037,,0.004
2558,9.697,4.617,24.9444,,0.004
2560,11.488,5.963,24.8207,,0.004
2568,8.643,5.774,25.0865,,0.004
2570,9.954,4.211,24.5223,,0.004
2604,10.735,4.374,24.8274,,0.004
2619,10.908,4.494,24.6611,,0.004
2628,9.878,4.027,24.673,,0.004
2664,11.258,4.486,24.8613,,0.004
2676,11.097,4.456,24.6903,,0.004
2688,11.659,5.165,25.2579,,0.004
2697,8.155,5.263,25.1116,,0.004
2730,10.631,4.266,25.1024,,0.004
2739,11.511,5.572,24.5132,,0.004
2751,9.742,5.414,25.3204,,0.004
2757,9.214,5.213,25.1676,,0.004
2763,8.122,4.474,24.817,,0.004
2764,9.324,4.771,25.0585,,0.004
2766,11.709,5.041,25.0863,,0.004
2782,10.283,5.941,25.1389,,0.004
2783,8.124,5.757,25.1526,,0.004
2819,10.661,4.492,24.8207,,0.004
2825,9.011,4.499,25.2599,,0.004
2834,11.255,4.571,24.8023,,0.004
2838,11.366,5.891,25.0526,,0.004
2842,9.199,5.287,25.0179,,0.004
2851,9.744,4.608,25.3962,,0.004
2869,10.473,4.863,24.9079,,0.004
2871,11.399,4.552,25.2011,,0.004
2874,8.006,4.683,24.5681,,0.004
2880,10.058,4.352,24.6746,,0.004
2891,10.807,4.985,24.8778,,0.004
2899,8.953,5.714,24.8746,,0.004
2902,11.434,4.169,25.2256,,0.004
2914,8.207,4.838,24.5331,,0.004
2931,10.187,5.34,24.7026,,0.004
2934,11.572,5.552,24.7034,,0.004
2955,10.733,4.996,24.5991,,0.004
2959,9.148,4.629,24.5414,,0.004
2966,10.464,5.746,24.8539,,0.004
2984,9.392,5.473,24.5106,,0.004
313,9.143,5.165,31.0767,TempSpike,0.003
444,11.135,4.935,35.423,TempSpike,0.003
591,10.755,5.568,34.5244,TempSpike,0.003
636,11.087,5.674,35.728,TempSpike,0.003
1222,11.802,4.656,32.1967,TempSpike,0.003
1478,10.088,4.261,34.8995,TempSpike,0.003
1717,11.525,4.169,33.34,TempSpike,0.003
2116,10.567,5.744,31.4978,TempSpike,0.003
2289,8.616,5.749,32.0104,TempSpike,0.003
2308,11.934,5.442,32.4658,TempSpike,0.003
2986,10.065,5.027,32.2992,TempSpike,0.003
2990,11.034,4.321,32.5448,TempSpike,0.003
599,10.323,1.403,24.5827,PositionalError,0.003
822,11.903,0.41,25.4919,PositionalError,0.003
1111,10.727,0.853,24.8688,PositionalError,0.003
1536,11.916,1.109,25.4953,PositionalError,0.003
1931,10.833,0.343,24.5575,PositionalError,0.003
2224,10.782,0.978,24.7754,PositionalError,0.003
2342,9.354,1.493,25.4584,PositionalError,0.003
2417,9.835,0.134,25.3453,PositionalError,0.003
2419,11.062,0.082,24.5331,PositionalError,0.003
2491,10.061,0.865,24.5303,PositionalError,0.003
2958,10.212,1.364,25.366,PositionalError,0.003
337,16.393,4.15,25.2035,ForceSpike,0.003
357,17.127,4.597,24.7452,ForceSpike,0.003
592,20.511,5.817,25.3687,ForceSpike,0.003
683,19.177,5.849,24.647,ForceSpike,0.003
820,19.938,4.206,24.8306,ForceSpike,0.003
997,16.969,4.328,24.7544,ForceSpike,0.003
1023,20.582,4.096,25.1949,ForceSpike,0.003
1081,17.459,4.993,24.6624,ForceSpike,0.003
1230,16.166,4.162,25.1762,ForceSpike,0.003
1832,17.548,4.651,25.4342,ForceSpike,0.003
2193,16.436,4.866,24.5491,ForceSpike,0.003
2432,18.562,5.49,24.6226,ForceSpike,0.003
2436,20.238,5.083,24.851,ForceSpike,0.003
2479,19.93,4.525,25.4382,ForceSpike,0.003
2557,20.259,4.265,25.1533,ForceSpike,0.003
2709,18.834,5.927,25.4414,ForceSpike,0.003
2894,20.808,4.533,25.1429,ForceSpike,0.003
2919,16.409,4.673,25.073,ForceSpike,0.003
2937,20.645,5.575,24.6584,ForceSpike,0.003
4,9.865,4.663,25.1817,,0.003
18,11.942,4.547,24.6809,,0.003
19,11.662,4.023,25.14,,0.003
23,11.046,5.468,24.685,,0.003
24,11.656,4.629,25.2004,,0.003
26,10.1,5.048,25.4485,,0.003
27,9.369,4.47,24.6658,,0.003
29,10.04,5.236,24.8819,,0.003
32,9.866,5.399,25.2963,,0.003
33,11.598,4.741,24.5553,,0.003
42,8.718,5.684,25.0784,,0.003
47,10.107,5.997,24.9213,,0.003
48,8.047,4.601,24.8321,,0.003
51,8.467,4.132,25.3857,,0.003
52,8.03,4.189,24.7054,,0.003
57,11.281,4.714,25.2071,,0.003
58,10.623,5.611,24.9402,,0.003
60,10.585,5.935,24.7684,,0.003
67,9.644,5.051,24.775,,0.003
72,11.019,5.788,25.4595,,0.003
75,11.998,4.002,24.7232,,0.003
82,11.492,4.418,24.6866,,0.003
93,8.591,4.847,24.5436,,0.003
98,9.83,4.525,25.3547,,0.003
102,9.025,4.031,25.044,,0.003
104,8.053,5.438,24.8212,,0.003
105,9.405,4.392,24.7897,,0.003
107,8.42,5.268,25.3662,,0.003
112,9.582,4.478,25.1948,,0.003
113,9.724,5.703,24.7444,,0.003
114,8.8,4.404,25.3671,,0.003
116,10.82,5.966,24.5231,,0.003
119,11.691,5.82,25.2286,,0.003
120,11.985,5.761,24.5687,,0.003
133,10.197,4.34,25.3144,,0.003
138,11.371,4.004,25.2874,,0.003
141,9.281,4.757,25.1405,,0.003
145,10.993,5.037,25.4099,,0.003
148,9.691,4.304,24.9836,,0.003
153,9.821,5.444,24.5101,,0.003
158,8.27,4.662,24.6033,,0.003
163,8.648,5.815,25.4298,,0.003
165,10.877,4.458,25.0084,,0.003
167,11.821,4.529,25.1937,,0.003
176,10.771,4.824,25.2571,,0.003
178,8.046,4.794,24.7978,,0.003
179,10.75,5.139,24.746,,0.003
184,8.146,4.192,25.1765,,0.003
193,10.061,5.87,24.8753,,0.003
201,8.698,5.623,25.2845,,0.003
212,9.12,4.833,25.0165,,0.003
214,11.129,5.479,24.6693,,0.003
224,8.654,5.769,24.6488,,0.003
227,9.207,5.491,25.4313,,0.003
230,11.099,4.623,24.9058,,0.003
232,8.956,5.157,24.6697,,0.003
237,9.976,5.405,25.0845,,0.003
240,11.849,4.462,24.987,,0.003
246,10.484,5.085,25.0506,,0.003
256,11.033,4.263,24.9691,,0.003
262,9.968,5.407,24.7596,,0.003
264,11.851,5.166,25.1432,,0.003
266,9.641,4.808,24.8706,,0.003
275,10.504,5.995,24.774,,0.003
277,10.185,4.685,25.4009,,0.003
278,11.072,4.916,25.4814,,0.003
279,10.439,5.162,24.9864,,0.003
282,10.748,5.696,24.8186,,0.003
284,8.326,4.774,25.0786,,0.003
287,9.447,5.508,25.4746,,0.003
296,10.95,4.888,25.4806,,0.003
303,10.007,4.249,25.318,,0.003
305,10.806,5.784,24.9954,,0.003
310,11.127,4.343,24.5177,,0.003
312,11.073,5.844,24.9622,,0.003
317,8.064,4.971,24.7767,,0.003
319,8.848,5.574,25.4418,,0.003
327,9.405,4.637,25.3715,,0.003
334,8.293,4.368,25.4877,,0.003
340,9.918,5.798,25.1898,,0.003
343,9.634,4.899,25.3425,,0.003
345,9.314,5.221,24.6567,,0.003
347,9.458,5.744,24.9546,,0.003
354,10.6,5.122,25.2744,,0.003
355,11.968,5.53,25.2318,,0.003
356,11.322,5.284,24.5812,,0.003
359,11.36,4.838,25.0281,,0.003
361,9.193,4.938,25.3613,,0.003
366,10.36,5.472,24.8418,,0.003
368,11.232,5.631,24.57,,0.003
369,11.671,5.843,25.4206,,0.003
372,10.313,5.871,24.567,,0.003
374,11.965,5.812,24.9761,,0.003
376,8.421,4.571,24.6702,,0.003
380,11.752,5.232,24.7943,,0.003
382,11.597,4.987,25.1119,,0.003
384,9.936,4.723,24.8292,,0.003
386,8.914,5.713,25.4079,,0.003
390,9.766,4.928,24.9293,,0.003
394,11.475,4.808,24.6357,,0.003
396,11.507,4.837,25.1143,,0.003
398,10.686,5.234,25.316,,0.003
401,9.529,5.536,25.3306,,0.003
404,8.385,4.466,24.9516,,0.003
406,11.213,5.288,25.227,,0.003
407,8.361,4.928,24.7405,,0.003
408,9.055,4.753,25.1956,,0.003
410,8.903,4.039,25.2684,,0.003
412,10.071,4.346,24.6125,,0.003
415,9.222,5.899,25.4532,,0.003
417,10.639,5.852,24.856,,0.003
427,10.497,4.612,24.671,,0.003
428,8.043,5.977,25.3474,,0.003
431,8.871,5.864,24.7224,,0.003
434,11.874,5.346,25.024,,0.003
436,9.83,4.877,25.2136,,0.003
438,9.59,5.161,25.2542,,0.003
439,8.789,4.438,25.4754,,0.003
440,10.267,5.871,24.9188,,0.003
441,9.4,5.265,24.6162,,0.003
443,9.579,5.581,25.1527,,0.003
445,10.4,4.368,24.616,,0.003
447,11.362,4.03,24.6529,,0.003
448,9.684,4.523,25.4996,,0.003
449,11.062,4.637,24.6112,,0.003
450,8.493,5.9,24.6731,,0.003
456,8.117,4.008,25.3836,,0.003
460,9.101,4.784,24.5446,,0.003
466,10.965,5.164,24.9612,,0.003
474,8.354,4.947,24.5524,,0.003
475,11.433,5.017,25.3201,,0.003
478,11.709,5.274,25.117,,0.003
479,11.821,4.41,25.2665,,0.003
480,11.837,5.933,25.3859,,0.003
482,9.224,5.888,24.7073,,0.003
485,9.386,5.608,25.227,,0.003
489,9.156,5.174,25.3492,,0.003
491,10.638,4.537,25.2402,,0.003
492,9.051,4.813,25.2695,,0.003
493,10.345,4.677,24.8988,,0.003
494,8.093,5.447,24.5963,,0.003
495,8.009,4.912,24.982,,0.003
497,9.365,5.436,25.4307,,0.003
499,8.969,4.105,24.5036,,0.003
500,10.134,5.264,25.1801,,0.003
501,11.51,4.445,24.9857,,0.003
502,9.492,4.208,24.6378,,0.003
503,11.334,5.089,24.9439,,0.003
505,10.291,4.728,25.1323,,0.003
506,11.17,4.817,24.5609,,0.003
507,9.491,4.216,25.492,,0.003
510,9.502,5.765,25.3857,,0.003
514,11.385,5.602,25.0288,,0.003
515,10.937,5.553,25.1373,,0.003
517,8.147,5.23,25.4879,,0.003
519,11.038,5.688,24.7811,,0.003
521,8.145,5.126,24.7172,,0.003
523,9.915,5.543,25.2825,,0.003
532,11.665,4.827,25.1044,,0.003
533,11.018,5.716,24.7002,,0.003
535,8.816,5.069,24.5848,,0.003
539,10.911,5.798,24.7947,,0.003
541,9.112,5.941,24.8577,,0.003
547,9.717,4.4,25.4494,,0.003
548,9.374,5.888,25.4542,,0.003
549,9.487,4.369,24.5648,,0.003
554,10.92,4.844,25.0246,,0.003
564,9.406,4.359,24.6739,,0.003
565,10.297,5.901,25.3145,,0.003
568,9.553,5.518,24.9267,,0.003
569,8.635,5.908,25.3625,,0.003
573,9.21,5.189,24.5436,,0.003
576,9.895,5.802,24.6902,,0.003
578,10.825,4.723,25.3768,,0.003
581,9.908,4.131,24.5703,,0.003
582,11.125,5.996,24.6859,,0.003
590,8.624,4.098,24.7495,,0.003
594,11.428,4.79,25.1393,,0.003
600,8.522,4.229,25.4166,,0.003
601,11.665,5.398,24.8124,,0.003
603,9.024,5.303,25.0887,,0.003
606,10.233,5.583,25.1473,,0.003
619,9.643,4.744,24.754,,0.003
620,10.074,4.785,25.0576,,0.003
622,11.206,5.11,25.3142,,0.003
624,9.639,5.183,24.8045,,0.003
626,8.769,5.112,25.4182,,0.003
629,10.196,4.632,25.4022,,0.003
637,8.22,4.536,24.6144,,0.003
641,11.521,5.834,24.837,,0.003
643,11.005,5.805,24.7088,,0.003
648,8.417,5.453,25.4052,,0.003
652,11.977,5.428,25.014,,0.003
654,8.683,4.474,25.4335,,0.003
657,9.616,4.796,25.36,,0.003
659,11.295,5.46,25.1463,,0.003
667,9.936,4.213,25.4727,,0.003
671,11.401,5.31,24.5722,,0.003
673,11.479,4.05,25.1462,,0.003
674,9.556,5.62,25.4323,,0.003
675,9.561,5.003,25.3566,,0.003
679,8.481,4.512,24.5369,,0.003
681,11.687,4.784,25.1849,,0.003
682,11.081,4.148,25.185,,0.003
685,10.533,4.795,24.9362,,0.003
693,9.922,5.13,24.8571,,0.003
695,11.74,5.607,24.6905,,0.003
697,11.626,5.968,24.6973,,0.003
698,8.364,5.199,25.3676,,0.003
709,11.008,4.387,24.5097,,0.003
711,8.788,4.798,25.4033,,0.003
712,8.674,5.168,24.5048,,0.003
714,8.602,4.576,25.2802,,0.003
722,11.846,4.163,24.7743,,0.003
724,9.568,4.982,24.6978,,0.003
725,10.931,5.25,24.9497,,0.003
728,10.422,5.222,25.4617,,0.003
733,11.869,4.447,24.9697,,0.003
736,9.997,5.268,24.7242,,0.003
737,9.672,4.339,24.6462,,0.003
740,11.703,5.416,25.0022,,0.003
743,10.894,4.907,24.5342,,0.003
745,9.767,5.041,25.0205,,0.003
751,11.146,4.042,25.2211,,0.003
755,11.731,5.206,25.356,,0.003
758,8.701,5.935,25.095,,0.003
773,11.88,4.067,25.0739,,0.003
780,11.637,4.184,24.7115,,0.003
784,11.231,5.017,25.2715,,0.003
786,8.197,4.656,25.1687,,0.003
789,11.439,4.516,25.3904,,0.003
798,10.458,4.167,25.1806,,0.003
799,8.891,5.045,25.3899,,0.003
800,10.534,4.203,24.5616,,0.003
801,11.528,4.113,24.5186,,0.003
806,11.267,5.707,24.5006,,0.003
811,9.479,5.829,24.9008,,0.003
814,10.579,4.097,24.9537,,0.003
816,11.586,5.627,24.6246,,0.003
819,8.974,5.63,24.7307,,0.003
827,8.777,5.968,25.2052,,0.003
829,9.86,4.895,24.8722,,0.003
833,8.756,4.934,24.5189,,0.003
834,10.764,5.474,25.2268,,0.003
841,11.598,5.41,25.3829,,0.003
843,8.041,5.412,24.5241,,0.003
845,10.748,4.419,24.7976,,0.003
846,8.863,5.22,24.9782,,0.003
847,10.769,5.685,24.6815,,0.003
856,11.456,5.17,25.022,,0.003
858,9.706,4.008,24.6799,,0.003
860,11.507,5.937,25.2788,,0.003
864,11.878,4.201,24.7358,,0.003
866,11.771,4.042,24.875,,0.003
868,10.62,4.867,24.9817,,0.003
874,11.222,5.159,24.6913,,0.003
878,10.787,5.532,24.6351,,0.003
880,10.73,4.073,24.5365,,0.003
882,11.176,5.834,25.2037,,0.003
884,9.45,4.101,24.9849,,0.003
886,10.031,4.234,25.1731,,0.003
890,11.805,5.101,24.8055,,0.003
892,10.673,5.83,25.0413,,0.003
894,9.782,4.018,24.5763,,0.003
897,11.543,4.338,24.6632,,0.003
899,9.278,5.84,25.0544,,0.003
901,11.501,5.465,25.3738,,0.003
910,9.277,4.153,24.5714,,0.003
911,10.676,4.634,24.7431,,0.003
912,11.684,5.541,24.5929,,0.003
914,10.311,4.242,25.1623,,0.003
917,9.552,4.564,24.7963,,0.003
918,8.528,5.803,24.7233,,0.003
919,9.158,4.368,25.0269,,0.003
922,9.102,5.663,25.3768,,0.003
923,10.644,4.532,25.428,,0.003
924,10.288,4.28,25.2504,,0.003
926,9.772,4.868,25.3477,,0.003
928,9.488,4.648,24.6303,,0.003
931,9.529,4.057,24.5875,,0.003
933,10.966,4.996,25.2175,,0.003
934,8.689,5.67,24.6419,,0.003
935,10.917,4.15,25.1503,,0.003
937,8.826,5.475,25.1848,,0.003
939,9.429,5.15,25.3961,,0.003
941,11.769,5.609,25.1499,,0.003
950,8.041,5.327,24.7054,,0.003
951,10.563,5.626,24.5208,,0.003
956,10.682,5.53,25.2695,,0.003
958,10.081,5.291,25.2793,,0.003
960,11.206,5.788,24.9482,,0.003
962,8.18,4.583,24.6572,,0.003
965,11.555,4.816,24.9258,,0.003
967,10.156,4.677,25.2111,,0.003
968,10.771,5.521,25.0362,,0.003
975,9.127,4.122,24.8403,,0.003
978,10.89,5.441,25.0268,,0.003
979,11.711,4.421,25.3989,,0.003
985,8.625,4.144,24.5766,,0.003
992,9.117,5.246,25.4083,,0.003
994,11.11,4.383,25.3955,,0.003
996,10.481,5.194,25.418,,0.003
998,10.934,4.883,24.8241,,0.003
1001,8.012,4.398,25.3056,,0.003
1003,11.359,5.326,24.8578,,0.003
1005,9.689,5.574,25.2136,,0.003
1006,8.587,5.45,24.8822,,0.003
1012,11.157,4.269,25.412,,0.003
1014,10.553,4.772,25.3742,,0.003
1016,8.904,5.296,24.8913,,0.003
1025,10.502,5.13,24.7027,,0.003
1028,9.888,5.561,24.7874,,0.003
1030,10.329,5.922,24.7528,,0.003
1042,11.064,5.53,25.2679,,0.003
1043,10.138,4.049,24.9772,,0.003
1047,9.291,4.947,25.0533,,0.003
1053,10.317,4.715,24.7596,,0.003
1054,9.929,4.1,24.6205,,0.003
1060,9.908,4.66,25.2403,,0.003
1073,11.526,4.117,25.1019,,0.003
1077,11.741,5.553,24.6315,,0.003
1085,11.861,4.25,25.0004,,0.003
1090,8.537,4.412,25.4361,,0.003
1095,10.912,5.446,24.6081,,0.003
1101,8.444,5.659,24.9538,,0.003
1114,9.557,4.571,25.2756,,0.003
1118,9.02,5.527,25.1858,,0.003
1127,11.389,4.283,24.8894,,0.003
1128,10.079,4.691,25.182,,0.003
1130,8.396,5.721,24.9005,,0.003
1131,10.861,5.295,24.7889,,0.003
1136,9.607,4.197,24.6966,,0.003
1139,8.024,5.94,24.6838,,0.003
1141,8.395,4.172,25.1364,,0.003
1148,10.703,5.219,24.6516,,0.003
1151,9.175,4.058,25.4166,,0.003
1155,9.699,4.181,24.8471,,0.003
1159,9.217,4.822,25.198,,0.003
1165,8.323,5.776,25.0258,,0.003
1169,9.977,4.064,24.9458,,0.003
1171,11.402,4.933,25.0121,,0.003
1172,11.9,5.456,24.8656,,0.003
1173,11.409,5.943,24.842,,0.003
1177,11.315,5.642,25.4887,,0.003
1178,9.95,4.57,24.6896,,0.003
1179,8.083,5.068,24.9679,,0.003
1180,10.254,4.107,25.0554,,0.003
1188,11.081,5.91,25.3546,,0.003
1190,8.336,4.701,24.6768,,0.003
1191,9.126,5.841,25.2488,,0.003
1192,9.509,4.06,25.2358,,0.003
1193,9.539,5.352,24.5269,,0.003
1195,8.705,5.511,24.8358,,0.003
1197,9.029,4.58,24.8496,,0.003
1201,11.014,4.096,25.4242,,0.003
1205,8.146,5.512,25.3361,,0.003
1209,8.372,5.526,24.9265,,0.003
1213,11.616,5.868,24.761,,0.003
1215,8.933,4.686,24.6507,,0.003
1217,9.565,4.951,25.4611,,0.003
1221,10.096,5.105,24.931,,0.003
1223,11.643,4.172,24.816,,0.003
1225,10.19,5.175,24.6682,,0.003
1227,10.488,5.362,25.191,,0.003
1235,10.658,4.925,25.0361,,0.003
1237,9.836,4.337,25.1186,,0.003
1239,10.784,5.474,25.2679,,0.003
1245,8.084,4.444,24.8695,,0.003
1252,9.005,4.59,25.3361,,0.003
1253,9.078,5.157,24.6081,,0.003
1254,8.333,5.455,25.3408,,0.003
1256,10.493,4.823,25.1776,,0.003
1258,9.138,4.329,24.5527,,0.003
1260,9.165,5.559,24.5593,,0.003
1263,11.172,4.371,25.0764,,0.003
1265,10.039,4.858,24.8914,,0.003
1271,8.975,4.709,24.8095,,0.003
1272,8.939,5.202,25.2836,,0.003
1274,8.459,5.084,25.3481,,0.003
1276,10.759,5.217,25.4458,,0.003
1279,10.887,5.762,24.7891,,0.003
1280,9.631,5.469,24.7643,,0.003
1282,9.05,5.751,25.1211,,0.003
1284,8.729,5.482,24.8169,,0.003
1285,9.472,4.451,24.5091,,0.003
1286,11.027,5.178,24.6836,,0.003
1288,9.734,4.249,25.1263,,0.003
1290,9.287,4.341,25.1442,,0.003
1295,8.67,4.187,25.1387,,0.003
1297,9.149,4.629,25.338,,0.003
1299,9.026,4.108,24.5511,,0.003
1301,9.786,5.854,24.568,,0.003
1305,11.569,5.157,24.9536,,0.003
1307,11.733,4.318,25.0986,,0.003
1309,10.147,5.344,24.5314,,0.003
1311,11.692,5.606,25.1662,,0.003
1312,8.271,4.619,24.515,,0.003
1313,11.558,5.257,24.6237,,0.003
1323,9.592,4.697,24.9246,,0.003
1327,10.288,5.732,25.2975,,0.003
1329,11.528,5.498,24.8412,,0.003
1331,11.259,5.931,25.2119,,0.003
1337,9.136,4.964,24.9039,,0.003
1345,8.383,4.399,24.8119,,0.003
1349,10.422,4.114,24.5619,,0.003
1353,11.018,5.298,25.1107,,0.003
1356,11.5,5.059,25.0234,,0.003
1362,8.623,5.249,24.5367,,0.003
1364,9.278,4.718,24.9359,,0.003
1367,8.183,5.715,24.6777,,0.003
1371,11.695,4.203,25.448,,0.003
1372,11.127,5.484,25.1749,,0.003
1373,10.127,5.324,24.6903,,0.003
1374,11.509,4.928,24.5832,,0.003
1375,9.675,4.534,24.9736,,0.003
1380,11.326,4.524,24.9991,,0.003
1382,8.494,4.649,24.5747,,0.003
1384,9.177,5.229,24.538,,0.003
1385,11.421,5.92,24.8334,,0.003
1386,8.032,5.386,25.3304,,0.003
1390,10.396,5.324,24.843,,0.003
1396,10.637,5.327,25.001,,0.003
1397,8.17,4.989,24.8566,,0.003
1400,11.291,4.029,25.1424,,0.003
1401,11.538,5.863,24.6127,,0.003
1403,10.914,5.075,25.296,,0.003
1409,11.423,4.672,25.0446,,0.003
1412,11.141,4.439,25.0445,,0.003
1414,11.525,5.281,24.7683,,0.003
1416,10.622,4.821,24.6941,,0.003
1423,11.059,4.328,24.9555,,0.003
1427,10.586,5.718,25.1995,,0.003
1428,8.701,5.317,24.8844,,0.003
1430,11.689,5.735,24.9357,,0.003
1432,9.228,4.587,24.6059,,0.003
1434,9.271,5.866,24.9502,,0.003
1440,10.185,4.098,25.4492,,0.003
1453,10.399,5.143,24.9614,,0.003
1455,11.763,4.599,25.0746,,0.003
1456,11.091,5.775,24.7417,,0.003
1457,8.947,5.18,24.9859,,0.003
1459,10.812,4.17,25.0302,,0.003
1462,8.874,5.117,24.9394,,0.003
1463,9.125,4.997,25.4065,,0.003
1464,8.359,5.546,24.9764,,0.003
1466,8.878,5.974,24.8373,,0.003
1471,11.561,5.49,25.3957,,0.003
1474,10.619,4.879,25.0196,,0.003
1476,9.532,4.017,24.963,,0.003
1477,8.199,5.578,24.5056,,0.003
1479,10.882,5.251,25.026,,0.003
1480,9.235,4.491,24.756,,0.003
1481,10.667,4.489,24.5312,,0.003
1482,8.517,5.399,24.8012,,0.003
1487,9.177,5.515,24.5987,,0.003
1488,8.41,4.325,25.3287,,0.003
1490,10.701,5.078,25.0106,,0.003
1491,8.764,5.758,24.7937,,0.003
1492,9.117,4.624,24.5402,,0.003
1493,10.652,5.496,24.8817,,0.003
1496,8.814,4.383,25.2604,,0.003
1497,9.999,5.596,24.7305,,0.003
1499,10.678,4.612,24.9371,,0.003
1500,10.997,4.466,25.3026,,0.003
1501,9.709,5.499,25.4517,,0.003
1503,8.84,5.113,25.379,,0.003
1505,9.757,4.633,25.4664,,0.003
1509,10.228,4.75,24.7851,,0.003
1512,9.894,4.811,24.799,,0.003
1513,10.761,4.5,25.2827,,0.003
1514,10.304,5.734,24.9977,,0.003
1516,8.914,5.731,24.5965,,0.003
1523,8.682,4.436,25.2845,,0.003
1525,8.861,4.949,25.1358,,0.003
1527,8.202,5.975,24.9834,,0.003
1528,8.362,4.1,25.2797,,0.003
1530,9.377,4.745,24.9708,,0.003
1532,10.487,5.639,25.1913,,0.003
1534,9.593,5.493,25.145,,0.003
1538,11.11,5.036,24.9586,,0.003
1540,10.777,4.632,24.9475,,0.003
1542,11.055,4.079,25.1929,,0.003
1550,8.771,5.803,25.0682,,0.003
1554,9.672,4.854,25.0973,,0.003
1560,11.213,5.021,25.2894,,0.003
1562,9.822,4.02,25.0961,,0.003
1564,8.504,5.999,24.6119,,0.003
1566,8.548,4.93,25.1664,,0.003
1568,10.115,5.453,24.7407,,0.003
1572,9.565,5.531,25.139,,0.003
1574,8.282,5.244,25.1344,,0.003
1585,9.446,5.666,25.446,,0.003
1587,9.472,5.448,25.2857,,0.003
1589,11.441,5.822,25.3512,,0.003
1591,8.264,4.396,24.6286,,0.003
1593,9.529,4.432,25.069,,0.003
1596,8.063,5.43,24.8493,,0.003
1600,11.445,5.722,24.5201,,0.003
1602,9.584,4.246,25.0746,,0.003
1606,11.586,5.592,24.9567,,0.003
1613,11.297,5.263,24.5267,,0.003
1624,8.066,4.284,24.73,,0.003
1628,8.293,4.306,25.1012,,0.003
1631,8.952,5.206,24.9323,,0.003
1634,11.165,4.617,25.0479,,0.003
1635,8.591,5.313,25.325,,0.003
1642,8.298,4.697,25.48,,0.003
1646,8.64,5.842,24.531,,0.003
1653,10.498,5.788,25.0409,,0.003
1658,10.089,5.109,25.0562,,0.003
1665,10.913,5.014,25.2723,,0.003
1667,9.745,4.804,25.2262,,0.003
1669,10.895,4.141,25.046,,0.003
1671,8.392,5.577,25.1131,,0.003
1673,9.543,4.305,24.7365,,0.003
1675,8.295,5.071,24.9844,,0.003
1676,9.295,4.7,25.2489,,0.003
1681,8.787,4.574,25.3827,,0.003
1683,10.948,5.331,24.8089,,0.003
1685,11.558,5.726,24.5241,,0.003
1687,11.774,4.768,25.2923,,0.003
1692,10.001,5.255,25.373,,0.003
1694,9.646,4.59,24.7523,,0.003
1695,8.534,4.727,25.1014,,0.003
1696,11.29,5.76,24.7451,,0.003
1699,11.087,4.028,24.663,,0.003
1703,10.83,5.824,24.7184,,0.003
1705,9.719,5.928,24.99,,0.003
1707,8.677,4.955,25.429,,0.003
1710,10.631,5.865,25.1295,,0.003
1711,9.169,4.463,24.6571,,0.003
1712,9.421,5.1,24.9648,,0.003
1713,8.357,5.802,24.8675,,0.003
1714,11.109,5.419,24.737,,0.003
1715,11.419,4.397,24.7759,,0.003
1720,9.857,5.252,24.8198,,0.003
1722,9.758,5.914,24.7618,,0.003
1726,10.139,4.4,25.2358,,0.003
1728,11.008,4.588,24.924,,0.003
1730,10.456,5.497,25.0298,,0.003
1732,10.114,5.313,25.0985,,0.003
1734,8.696,4.04,25.2842,,0.003
1735,11.261,5.781,24.8993,,0.003
1739,8.547,4.277,24.8182,,0.003
1744,8.922,5.047,24.5283,,0.003
1748,11.992,5.05,24.5755,,0.003
1754,9.887,4.674,25.2477,,0.003
1755,10.687,5.535,24.9032,,0.003
1757,9.31,4.502,24.7908,,0.003
1758,8.198,5.335,25.0457,,0.003
1760,8.7,4.501,24.8907,,0.003
1768,8.429,5.834,24.7895,,0.003
1769,10.718,5.124,25.3928,,0.003
1771,8.094,5.212,24.8814,,0.003
1772,9.069,4.975,25.0829,,0.003
1773,9.797,5.299,25.3665,,0.003
1778,9.525,4.767,25.0842,,0.003
1780,9.968,5.223,24.7623,,0.003
1781,9.869,5.671,24.6682,,0.003
1799,8.581,5.067,25.1559,,0.003
1805,10.822,4.313,25.1799,,0.003
1806,10.661,4.981,24.6073,,0.003
1807,8.752,5.318,24.5389,,0.003
1809,11.816,4.86,25.1496,,0.003
1811,8.97,5.509,24.8746,,0.003
1812,11.427,4.946,25.268,,0.003
1813,11.952,5.139,24.8076,,0.003
1815,9.455,4.126,25.1315,,0.003
1816,11.512,4.617,25.0172,,0.003
1817,10.8,5.652,25.0178,,0.003
1821,10.466,5.188,25.4375,,0.003
1823,10.64,5.22,24.6378,,0.003
1825,8.776,4.713,24.9517,,0.003
1827,10.667,4.081,25.1191,,0.003
1829,11.435,4.624,24.8343,,0.003
1830,10.411,4.763,24.8449,,0.003
1831,11.057,5.139,24.6446,,0.003
1833,9.794,4.344,24.6228,,0.003
1838,10.827,4.892,25.0224,,0.003
1840,9.518,4.856,25.1246,,0.003
1843,11.416,4.384,25.2513,,0.003
1845,8.91,5.64,25.367,,0.003
1847,10.903,4.601,24.7345,,0.003
1854,9.352,4.107,25.1631,,0.003
1855,9.697,5.27,24.9624,,0.003
1856,8.087,4.204,25.4317,,0.003
1857,8.878,4.308,25.0082,,0.003
1858,10.769,5.909,24.5308,,0.003
1859,11.438,5.976,25.3741,,0.003
1861,11.052,4.506,24.903,,0.003
1863,10.226,5.024,24.6488,,0.003
1865,8.405,5.11,24.9179,,0.003
1867,11.421,4.694,24.5206,,0.003
1873,10.445,4.692,24.6643,,0.003
1876,11.763,4.417,24.6055,,0.003
1878,10.344,5.377,25.0008,,0.003
1880,9.948,4.699,25.3053,,0.003
1882,8.071,4.09,24.9405,,0.003
1891,10.925,5.248,24.5513,,0.003
1892,8.034,4.042,24.7149,,0.003
1893,11.707,5.433,25.4017,,0.003
1894,9.935,5.307,25.1614,,0.003
1896,8.717,5.123,24.5536,,0.003
1897,11.607,5.241,25.0845,,0.003
1906,10.872,5.488,24.5723,,0.003
1909,8.042,4.943,24.6165,,0.003
1912,8.34,5.655,25.3792,,0.003
1913,10.724,5.241,25.3344,,0.003
1914,9.736,5.781,24.7554,,0.003
1918,11.281,5.181,25.1767,,0.003
1921,8.778,4.692,25.3077,,0.003
1928,11.646,5.592,25.0785,,0.003
1930,11.436,5.017,25.1312,,0.003
1941,11.834,4.692,25.3956,,0.003
1942,9.723,5.771,25.3246,,0.003
1946,9.661,4.867,24.9668,,0.003
1947,10.245,4.948,25.0638,,0.003
1949,8.996,4.327,25.0624,,0.003
1954,9.759,5.147,24.8244,,0.003
1955,10.989,5.029,24.7787,,0.003
1956,10.193,4.529,24.7095,,0.003
1961,10.436,5.454,25.0395,,0.003
1963,10.775,5.315,24.7491,,0.003
1964,9.548,4.848,25.1561,,0.003
1965,11.261,4.32,24.9736,,0.003
1968,9.57,5.711,25.3873,,0.003
1970,8.556,5.761,24.9281,,0.003
1972,8.221,5.742,25.3595,,0.003
1973,8.278,4.836,25.2182,,0.003
1974,8.044,4.186,25.079,,0.003
1982,8.894,4.41,24.9111,,0.003
1984,8.486,4.75,25.4196,,0.003
1985,11.765,4.276,24.64,,0.003
1989,9.483,5.862,25.1761,,0.003
1990,9.456,4.221,24.7521,,0.003
1991,10.836,4.653,24.7939,,0.003
1992,8.543,4.887,25.2202,,0.003
1993,10.057,5.924,24.6696,,0.003
1994,11.846,4.603,25.2239,,0.003
1996,11.257,4.532,25.4231,,0.003
1997,8.102,4.111,24.7538,,0.003
1998,11.837,5.292,25.2553,,0.003
2000,8.555,4.332,24.5559,,0.003
2004,11.897,5.311,25.1823,,0.003
2005,9.67,5.789,24.9019,,0.003
2006,9.676,4.361,25.2658,,0.003
2008,9.073,4.157,25.4286,,0.003
2012,10.072,4.239,25.3465,,0.003
2014,10.234,5.197,25.1194,,0.003
2016,10.355,4.445,25.3742,,0.003
2018,8.341,5.154,24.9685,,0.003
2022,10.19,5.799,25.2473,,0.003
2024,10.429,5.807,25.1169,,0.003
2027,11.604,4.196,24.6785,,0.003
2029,10.892,4.591,25.4283,,0.003
2033,8.689,5.324,25.2457,,0.003
2035,10.958,5.591,25.4752,,0.003
2041,9.284,5.04,25.2515,,0.003
2042,11.363,4.883,25.0939,,0.003
2047,9.928,5.755,25.4793,,0.003
2049,11.451,4.816,25.1469,,0.003
2051,8.125,4.979,24.768,,0.003
2056,8.706,5.601,24.6296,,0.003
2057,10.854,4.62,24.6747,,0.003
2059,8.196,4.333,25.1353,,0.003
2061,11.987,5.663,25.0257,,0.003
2066,8.67,4.406,25.4385,,0.003
2067,9.562,5.435,25.4702,,0.003
2071,10.235,5.026,25.4309,,0.003
2073,10.183,4.764,24.5517,,0.003
2075,10.062,4.495,24.7575,,0.003
2076,10.485,4.365,25.2408,,0.003
2077,10.396,4.253,25.4164,,0.003
2078,10.012,4.195,24.6526,,0.003
2079,9.277,5.437,24.5168,,0.003
2089,11.359,4.04,24.601,,0.003
2093,8.428,4.387,24.7749,,0.003
2095,10.521,6,24.599,,0.003
2098,9.288,5.338,24.5461,,0.003
2100,10.207,5.414,25.33,,0.003
2103,10.497,4.487,25.2152,,0.003
2105,8.281,5.324,24.6275,,0.003
2107,8.185,4.02,25.4561,,0.003
2109,10.494,5.298,25.403,,0.003
2111,9.731,5.797,24.9467,,0.003
2113,10.739,5.971,24.7772,,0.003
2115,11.524,5.804,25.3043,,0.003
2119,10.549,4.62,24.9354,,0.003
2124,10.021,4.33,25.4399,,0.003
2128,9.638,4.293,25.385,,0.003
2130,9.135,4.217,25.3802,,0.003
2135,9.323,5.958,25.1069,,0.003
2141,8.192,4.344,25.4341,,0.003
2143,10.917,5.799,25.3317,,0.003
2145,8.051,5.788,25.3609,,0.003
2147,9.527,4.447,24.5911,,0.003
2149,8.807,4.177,25.3033,,0.003
2151,11.856,5.788,24.7974,,0.003
2155,10.973,5.747,25.1876,,0.003
2159,10.973,4.594,25.0987,,0.003
2162,9.28,5.318,25.2074,,0.003
2168,9.86,4.377,24.8629,,0.003
2169,9.648,4.113,25.2799,,0.003
2171,10.273,4.15,24.768,,0.003
2172,8.411,4.156,24.6309,,0.003
2174,11.014,5.868,24.9212,,0.003
2176,10.889,5.15,24.9151,,0.003
2178,8.695,4.625,25.1908,,0.003
2180,8.712,4.778,25.3177,,0.003
2182,8.767,5.43,25.2224,,0.003
2183,11.812,5.86,24.5937,,0.003
2184,11.777,5.13,24.8155,,0.003
2187,8.849,4.642,25.2002,,0.003
2188,10.593,5.033,24.9805,,0.003
2189,10.233,4.881,25.0322,,0.003
2190,9.373,4.044,25.2582,,0.003
2197,8.976,5.204,25.3449,,0.003
2199,9.397,4.081,25.3249,,0.003
2200,11.117,4.14,24.8459,,0.003
2201,8.722,5.57,24.7557,,0.003
2206,8.101,4.545,24.6343,,0.003
2208,10.12,5.034,25.3091,,0.003
2210,11.6,4.95,24.7882,,0.003
2212,10.236,5.627,24.5634,,0.003
2214,11.508,4.184,25.2946,,0.003
2216,9.585,5.213,25.2189,,0.003
2218,10.142,4.937,24.8305,,0.003
2226,10.217,4.316,24.7335,,0.003
2228,9.604,5.999,25.2917,,0.003
2233,8.701,5.428,24.6419,,0.003
2238,8.088,4.061,25.2027,,0.003
2240,9.955,5.426,25.071,,0.003
2241,8.477,4.172,25.1905,,0.003
2248,10.136,5.98,25.4333,,0.003
2252,11.396,4.504,25.1798,,0.003
2256,11.981,4.218,24.7915,,0.003
2257,11.544,4.705,24.5633,,0.003
2261,11.342,4.073,25.049,,0.003
2265,11.142,4.684,25.1523,,0.003
2277,9.909,5.955,25.3808,,0.003
2278,11.668,4.178,25.0033,,0.003
2279,11.086,5.372,25.3242,,0.003
2281,11.754,5.138,24.8667,,0.003
2283,9.866,4.074,25.4426,,0.003
2284,10.522,4.751,25.454,,0.003
2286,8.844,5.293,25.208,,0.003
2288,9.807,4.175,25.3851,,0.003
2296,9.459,5.271,24.6735,,0.003
2309,8.564,4.507,24.9699,,0.003
2311,10.724,5.092,25.35,,0.003
2312,8.463,4.705,25.3983,,0.003
2313,9.89,4.668,25.0003,,0.003
2315,9.11,5.416,24.6878,,0.003
2319,10.378,4.491,25.2978,,0.003
2321,11.193,4,24.5555,,0.003
2328,8.945,5.694,25.2952,,0.003
2329,10.011,4.25,24.9426,,0.003
2341,8.764,5.456,25.2425,,0.003
2352,11.307,5.855,25.3098,,0.003
2357,11.831,5.824,25.0029,,0.003
2361,10.115,4.036,25.4531,,0.003
2362,11.289,5.227,25.2875,,0.003
2367,10.484,5.205,24.5421,,0.003
2369,8.226,4.738,25.2757,,0.003
2373,10.65,4.01,25.1939,,0.003
2380,11.305,5.041,25.1623,,0.003
2382,8.549,5.174,24.8273,,0.003
2384,8.585,5.668,24.6226,,0.003
2385,10.201,4.029,25.4755,,0.003
2386,8.605,5.405,24.9009,,0.003
2391,9.017,5.625,24.5446,,0.003
2392,10.148,5.902,24.753,,0.003
2393,8.63,4.982,25.2521,,0.003
2396,11.013,4.88,25.1748,,0.003
2398,8.426,5.087,24.9229,,0.003
2399,9.097,4.324,24.9707,,0.003
2406,9.357,5.596,25.4263,,0.003
2408,10.835,5.303,25.071,,0.003
2412,11.964,5.162,24.5698,,0.003
2414,10.385,5.507,25.0385,,0.003
2418,9.585,5.717,25.4643,,0.003
2420,9.558,4.305,25.4489,,0.003
2423,11.165,4.895,24.7519,,0.003
2426,10.625,5.404,24.6618,,0.003
2429,11.712,5.361,25.4375,,0.003
2431,11.15,5.938,24.9387,,0.003
2433,11.126,4.351,24.7301,,0.003
2435,11.402,4.331,25.0586,,0.003
2439,9.957,5.128,24.954,,0.003
2440,10.797,4.198,25.1659,,0.003
2442,11.504,4.66,24.8001,,0.003
2444,11.83,5.482,25.3464,,0.003
2446,8.739,4.542,25.261,,0.003
2448,10.544,4.535,25.1786,,0.003
2450,9.588,5.373,24.6064,,0.003
2458,11.632,4.573,25.3267,,0.003
2459,10.145,5.146,25.1029,,0.003
2460,8.695,4.457,25.2735,,0.003
2468,11.294,5.551,24.7509,,0.003
2470,9.746,5.028,24.5015,,0.003
2472,11.449,4.219,24.7454,,0.003
2476,10.859,4.246,24.9246,,0.003
2478,9.48,5.537,25.4141,,0.003
2482,11.75,5.988,24.9937,,0.003
2488,9.231,5.035,25.0688,,0.003
2490,10.521,4.939,24.5171,,0.003
2497,8.367,4.479,24.9861,,0.003
2498,9.678,5.023,25.4494,,0.003
2499,9.102,5.441,24.6385,,0.003
2501,8.222,5.783,25.23,,0.003
2503,8.855,5.654,24.7864,,0.003
2506,11.645,4.552,25.3328,,0.003
2507,8.369,4.355,24.5064,,0.003
2524,10.572,4.26,24.7714,,0.003
2525,11.961,4.12,24.9657,,0.003
2526,10.608,5.673,25.4972,,0.003
2528,8.586,4.418,24.6838,,0.003
2529,11.513,5.657,25.1725,,0.003
2530,10.125,5.941,24.7123,,0.003
2532,8.423,4.493,25.1879,,0.003
2534,8.554,5.816,25.4275,,0.003
2535,11.442,5.681,25.3319,,0.003
2538,8.012,4.184,25.3198,,0.003
2540,8.918,5.422,24.5517,,0.003
2543,11.06,5.472,24.623,,0.003
2550,11.639,4.122,24.5156,,0.003
2561,11.707,5.245,24.8345,,0.003
2562,11.744,4.466,24.8742,,0.003
2567,9.687,4.973,25.4336,,0.003
2569,11.061,4.177,24.8858,,0.003
2576,8.627,4.357,25.3494,,0.003
2577,8.384,5.703,24.7972,,0.003
2578,11.182,4.571,25.4047,,0.003
2579,11.831,5.783,25.4323,,0.003
2595,9.988,4.708,24.8953,,0.003
2596,10.836,4.193,24.7238,,0.003
2597,11.83,5.441,25.3728,,0.003
2599,9.823,4.337,24.8796,,0.003
2601,9.658,4.263,25.2501,,0.003
2603,11.826,5.809,25.0179,,0.003
2612,8.346,4.028,24.9669,,0.003
2613,11.468,4.12,25.0253,,0.003
2614,9.622,4.247,25.0689,,0.003
2616,9.493,5.8,25.1269,,0.003
2621,8.337,5.094,25.2252,,0.003
2632,11.591,5.318,24.9019,,0.003
2637,9.185,5.348,25.1347,,0.003
2640,10.602,5.537,25.1892,,0.003
2643,11.03,5.332,24.7727,,0.003
2645,11.187,4.345,25.4094,,0.003
2646,8.092,5.151,24.8092,,0.003
2651,10.124,4.888,24.5452,,0.003
2657,10.598,5.89,25.0682,,0.003
2659,11.379,4.48,24.8728,,0.003
2662,11.705,4.789,24.731,,0.003
2666,10.551,4.228,24.6668,,0.003
2670,8.361,5.137,25.4022,,0.003
2671,9.103,4.9,24.7378,,0.003
2675,10.932,5.488,25.281,,0.003
2677,10.166,4.088,24.5865,,0.003
2679,8.436,5.37,25.3362,,0.003
2681,11.866,4.606,24.8119,,0.003
2684,10.063,4.326,24.5225,,0.003
2686,11.348,4.482,24.7237,,0.003
2692,11.41,4.484,24.7145,,0.003
2695,10.35,4.219,24.8648,,0.003
2700,11.384,4.165,24.632,,0.003
2701,10.614,5.392,24.7364,,0.003
2706,10.898,4.187,24.5419,,0.003
2708,9.637,4.505,25.4278,,0.003
2711,11.938,5.631,25.271,,0.003
2712,9.321,5.641,24.7594,,0.003
2714,11.121,4.427,24.5741,,0.003
2718,8.859,5.489,25.466,,0.003
2723,11.677,5.339,24.5476,,0.003
2728,10.676,4.431,25.261,,0.003
2731,9.284,5.349,25.4907,,0.003
2734,10.08,5.077,25.0075,,0.003
2737,10.685,5.691,24.9923,,0.003
2744,8.415,4.517,24.9378,,0.003
2745,9.888,4.474,24.6553,,0.003
2746,11.806,4.684,24.9528,,0.003
2759,8.628,4.507,24.5241,,0.003
2765,11.645,4.265,24.5781,,0.003
2767,9.949,4.649,25.3443,,0.003
2768,10.569,5.007,24.5671,,0.003
2769,8.606,5.616,25.4304,,0.003
2777,10.446,4.965,25.2531,,0.003
2779,8.307,4.784,25.1505,,0.003
2784,9.132,4.418,24.813,,0.003
2795,9.838,4.549,25.0095,,0.003
2797,11.758,5.986,24.5885,,0.003
2813,9.033,4.579,25.2418,,0.003
2824,10.904,4.641,24.9331,,0.003
2827,8.951,4.337,25.3237,,0.003
2836,10.427,4.526,24.9666,,0.003
2841,9.781,4.857,24.5761,,0.003
2844,10.453,5.156,25.2766,,0.003
2847,9.913,5.018,25.1137,,0.003
2852,10.453,5.768,25.2305,,0.003
2859,11.961,4.077,24.5787,,0.003
2860,9.064,5.653,24.7097,,0.003
2866,11.458,5.401,25.1499,,0.003
2876,11.161,4.777,24.5411,,0.003
2879,8.774,5.71,25.3684,,0.003
2881,11.108,4.937,25.4461,,0.003
2882,8.503,4.64,25.3162,,0.003
2884,9.499,5.01,25.2673,,0.003
2886,9.785,5.234,24.9123,,0.003
2890,9.123,4.818,24.7012,,0.003
2892,10.247,5.768,24.6238,,0.003
2893,10.708,4.974,24.6562,,0.003
2895,8.584,5.064,25.4971,,0.003
2897,8.274,4.033,24.5506,,0.003
2903,9.878,5.915,24.9067,,0.003
2906,9.931,4.977,25.0712,,0.003
2908,9.043,5.182,24.7919,,0.003
2912,11.364,4.299,24.6733,,0.003
2918,9.11,4.277,25.4333,,0.003
2920,9.533,4.884,24.7422,,0.003
2922,11.172,4.183,24.6578,,0.003
2924,10.179,4.112,24.5783,,0.003
2926,11.933,5.734,25.061,,0.003
2928,10.918,4.199,25.3223,,0.003
2930,9.046,4.74,24.5998,,0.003
2932,11.496,5.095,25.3242,,0.003
2936,8.177,5.035,24.5061,,0.003
2943,10.969,4.174,25.2314,,0.003
2944,8.942,5.207,25.305,,0.003
2947,8.936,5.958,25.4684,,0.003
2948,11.567,4.261,25.4337,,0.003
2949,8.489,4.167,25.4137,,0.003
2950,10.894,4.465,25.166,,0.003
2952,9.462,4.258,25.3293,,0.003
2957,11.052,4.945,25.1399,,0.003
2967,9.638,4.828,25.0322,,0.003
2975,8.043,4.653,25.1845,,0.003
2985,8.578,4.856,24.8621,,0.003
2987,11.442,5.771,25.2411,,0.003
2991,10.677,4.354,24.8683,,0.003
2993,9.189,5.445,24.8787,,0.003
2996,9.631,4.262,24.7682,,0.003
2997,11.27,5.032,24.5991,,0.003
2998,11.304,4.214,25.3922,,0.003
3000,11.909,4.554,25.3511,,0.003
1214,11.623,1.006,24.7017,PositionalError,0.002
496,20.593,4.339,24.9401,ForceSpike,0.002
1470,19.007,4.427,25.0304,ForceSpike,0.002
2293,20.549,4.323,25.3604,ForceSpike,0.002
25,8.334,4.896,24.6058,,0.002
28,10.373,5.313,24.7778,,0.002
35,11.069,4.277,25.4091,,0.002
43,9.74,5.764,25.4029,,0.002
49,8.743,5.756,24.7372,,0.002
53,10.578,5.448,25.0655,,0.002
54,11.773,5.257,24.7096,,0.002
59,8.744,5.263,25.0987,,0.002
62,8.075,5.291,25.0987,,0.002
63,8.807,5.067,24.6404,,0.002
64,9.412,5.44,24.7247,,0.002
65,10.163,4.291,24.5341,,0.002
68,10.353,5.214,24.503,,0.002
69,11.66,5.691,24.8607,,0.002
70,11.331,4.858,24.6696,,0.002
71,9.051,5.151,24.7331,,0.002
73,8.417,5.584,24.7173,,0.002
74,9.844,5.156,25.3659,,0.002
76,9.018,5.259,24.77,,0.002
77,10.14,4.693,24.8032,,0.002
78,9.988,5.607,25.1636,,0.002
79,11.931,5.227,24.8782,,0.002
80,8.065,5.946,24.604,,0.002
81,10.014,4.525,24.8893,,0.002
83,8.174,5.228,24.5065,,0.002
84,11.516,5.132,24.8177,,0.002
85,8.246,5.391,24.9374,,0.002
86,11.611,4.043,25.1313,,0.002
87,11.821,4.132,25.2652,,0.002
88,11.023,4.742,25.0242,,0.002
89,8.509,5.319,25.3484,,0.002
92,10.75,5.66,25.3974,,0.002
94,10.277,4.864,25.2881,,0.002
95,8.332,4.722,25.4783,,0.002
96,9.218,5.278,25.3163,,0.002
97,10.269,4.575,25.1436,,0.002
99,11.257,4.431,25.3023,,0.002
106,11.517,4.735,25.4323,,0.002
108,8.089,5.428,24.8948,,0.002
109,11.795,5.386,25.3915,,0.002
111,10.01,5.578,25.0184,,0.002
117,8.43,5.733,24.6826,,0.002
121,9.649,5.513,24.9453,,0.002
122,11.261,5.484,24.5671,,0.002
123,9.961,5.218,24.8604,,0.002
124,11.15,5.614,25.2532,,0.002
125,11.054,5.285,24.6978,,0.002
126,8.19,5.422,24.6459,,0.002
127,8.538,4.964,24.5669,,0.002
128,9.637,5.878,24.5385,,0.002
129,9.679,4.84,25.2831,,0.002
130,9.981,5.44,24.9836,,0.002
131,8.284,5.09,25.1788,,0.002
134,10.904,5.38,24.9048,,0.002
146,11.977,4.677,25.3446,,0.002
151,10.57,4.582,25.4027,,0.002
156,10.747,4.113,24.9628,,0.002
164,9.117,4.06,24.6568,,0.002
166,8.409,4.755,24.7758,,0.002
168,9.788,5.841,25.0688,,0.002
172,11.205,4.31,24.6533,,0.002
175,11.241,4.991,25.4569,,0.002
177,10.742,4.93,25.2607,,0.002
185,10.154,5.15,24.565,,0.002
203,9.546,4.081,24.8776,,0.002
204,10.337,5.682,25.4783,,0.002
215,11.828,4.73,24.8867,,0.002
216,10.358,4.032,25.2638,,0.002
225,9.073,5.986,25.2207,,0.002
250,10.409,5.967,25.097,,0.002
276,8.815,4.452,24.544,,0.002
281,11.972,5.873,25.1797,,0.002
283,10.609,5.335,25.4628,,0.002
293,9.884,4.34,25.2416,,0.002
294,9.495,4.364,24.814,,0.002
295,11.537,5.299,25.4524,,0.002
297,11.237,5.665,25.0209,,0.002
299,10.986,5.021,25.0453,,0.002
300,11.076,5.316,25.1446,,0.002
301,9.428,4.737,24.907,,0.002
315,8.03,4.001,24.6768,,0.002
316,9.249,5.665,24.718,,0.002
323,9.73,4.09,24.7111,,0.002
335,10.47,4.608,24.8151,,0.002
339,8.215,5.135,25.2749,,0.002
342,11.602,4.416,24.8209,,0.002
344,9.541,5.7,25.0884,,0.002
346,10.643,4.71,24.9014,,0.002
348,10.015,5.827,24.9992,,0.002
352,11.982,4.57,24.5836,,0.002
358,10.88,5.411,24.7582,,0.002
360,11.031,5.42,25.0605,,0.002
373,11.166,4.509,24.5638,,0.002
375,11.218,5.633,25.3373,,0.002
377,9.851,5.309,25.1303,,0.002
379,8.497,5.841,25.1186,,0.002
381,10.235,4.775,24.7882,,0.002
385,10.44,5.53,24.9238,,0.002
388,8.667,4.431,25.4399,,0.002
391,11.915,4.731,25.2747,,0.002
393,9.401,5.267,25.2408,,0.002
395,10.58,4.733,25.0874,,0.002
399,9.471,5.152,25.165,,0.002
402,11.447,5.631,25.0075,,0.002
403,11.846,5.38,25.0466,,0.002
405,11.496,5.158,25.0941,,0.002
409,11.51,5.093,24.7649,,0.002
413,9.162,5.682,25.1051,,0.002
414,9.904,5.078,24.8014,,0.002
416,11.446,4.251,24.5955,,0.002
422,11.867,5.035,24.7149,,0.002
423,11.518,4.586,25.2937,,0.002
437,10.572,5.418,25.4953,,0.002
442,10.092,4.074,24.7575,,0.002
454,10.859,5.876,24.6694,,0.002
457,9.381,5.425,25.3231,,0.002
459,11.346,5.891,24.6453,,0.002
461,10.229,5.446,25.4325,,0.002
462,10.388,4.576,24.8154,,0.002
465,9.414,4.048,24.844,,0.002
467,8.049,4.882,24.5402,,0.002
469,11.375,5.214,25.2442,,0.002
473,11.445,4.933,25.2586,,0.002
481,9.734,4.035,24.5601,,0.002
483,10.552,4.497,25.2086,,0.002
484,10.937,5.997,24.7297,,0.002
486,8.493,4.51,25.3455,,0.002
488,9.493,4.131,25.0082,,0.002
490,9.222,4.085,25.4277,,0.002
498,9.49,4.797,24.8378,,0.002
504,9.928,5.74,25.2132,,0.002
508,8.228,5.057,25.1783,,0.002
511,8.991,4.838,25.4501,,0.002
512,8.695,4.214,25.2229,,0.002
513,11.002,4.975,24.5768,,0.002
520,8.012,4.998,24.7932,,0.002
525,8.392,4.778,24.5121,,0.002
526,10.231,4.073,24.8991,,0.002
529,11.947,4.271,24.6975,,0.002
538,9.317,4.53,25.1757,,0.002
542,11.572,5.37,24.8438,,0.002
544,9.097,4.321,24.9561,,0.002
546,8.985,5.117,24.8165,,0.002
550,10.604,5.654,24.5728,,0.002
587,8.002,5.248,25.3781,,0.002
593,10.033,4.812,24.806,,0.002
595,11.299,5.613,24.6383,,0.002
596,8.521,5.951,24.6886,,0.002
598,9.002,5.948,25.2783,,0.002
604,10.524,5.713,25.0068,,0.002
607,10.765,4.198,25.4912,,0.002
616,9.611,5.705,25.1059,,0.002
625,9.257,4.136,25.3015,,0.002
627,10.406,5.022,24.552,,0.002
634,9.824,4.209,25.4951,,0.002
640,9.215,5.14,25.468,,0.002
644,11.125,5.435,25.3649,,0.002
646,9.539,4.117,25.3665,,0.002
653,10.08,5.212,24.6359,,0.002
656,8.4,4.102,25.2935,,0.002
661,9.985,5.196,25.2634,,0.002
663,8.035,5.274,24.5029,,0.002
664,11.303,5.682,24.9515,,0.002
668,10.755,4.722,24.7251,,0.002
669,10.066,5.974,24.9152,,0.002
670,10.465,5.377,24.6029,,0.002
672,8.29,5.631,25.0931,,0.002
676,10.807,4.466,25.4319,,0.002
677,8.019,5.891,24.5057,,0.002
684,9.898,4.205,25.3874,,0.002
687,9.648,4.486,25.0953,,0.002
688,11.09,4.938,24.6366,,0.002
690,11.991,4.078,24.899,,0.002
692,9.8,4.667,25.4243,,0.002
694,10.312,4.314,24.6587,,0.002
696,11.256,4.361,25.1553,,0.002
699,11.941,5.112,25.3662,,0.002
702,11.444,5.4,24.8921,,0.002
703,11.344,4.808,24.5193,,0.002
705,9.546,5.088,24.5732,,0.002
708,11.651,5.517,25.0194,,0.002
713,9.798,4.189,24.5012,,0.002
715,11.035,4.709,24.6273,,0.002
716,10.559,5.928,24.937,,0.002
717,9.016,5.977,25.0976,,0.002
723,9.012,4.978,24.6783,,0.002
735,8.023,5.574,24.9383,,0.002
741,9.804,4.821,25.2734,,0.002
742,9.604,5.592,24.8932,,0.002
747,8.784,5.174,24.664,,0.002
750,10.284,5.838,24.6565,,0.002
752,8.374,4.748,24.5504,,0.002
754,10.608,4.251,25.4093,,0.002
759,8.177,4.336,25.0658,,0.002
760,9.656,4.768,25.4968,,0.002
761,8.879,4.414,25.2522,,0.002
767,10.75,5.779,25.1572,,0.002
775,10.511,4.613,24.7414,,0.002
776,9.377,5.932,25.1879,,0.002
777,9.477,4.36,25.2405,,0.002
778,8.323,4.446,25.232,,0.002
779,11.273,4.538,24.7016,,0.002
785,9.316,5.957,25.4798,,0.002
792,11.233,4.741,25.1753,,0.002
793,8.982,5.136,24.8388,,0.002
794,11.644,4.678,25.2187,,0.002
795,11.713,4.827,24.5812,,0.002
796,8.8,5.743,24.5653,,0.002
802,8.327,5.093,24.8154,,0.002
805,11.791,5.098,25.269,,0.002
807,10.227,4.004,24.8767,,0.002
809,11.405,4.022,25.0107,,0.002
813,10.219,5.055,24.7427,,0.002
815,11.114,4.291,25.4351,,0.002
823,8.266,4.513,25.0295,,0.002
824,8.265,5.008,24.545,,0.002
826,8.058,4.239,24.7901,,0.002
828,10.271,4.945,25.3795,,0.002
830,11.328,4.742,24.5614,,0.002
832,10.47,5.091,25.0871,,0.002
842,10.547,4.03,24.7197,,0.002
844,11.48,4.521,24.7739,,0.002
848,9.358,4.514,25.395,,0.002
853,9.726,4.763,24.8689,,0.002
857,9.845,5.211,25.0281,,0.002
859,10.877,4.231,25.3473,,0.002
863,10.27,4.428,24.9864,,0.002
867,9.233,4.344,25.1948,,0.002
875,10.186,5.263,25.2959,,0.002
876,11.632,4.852,25.2496,,0.002
881,10.829,5.968,25.3537,,0.002
883,10.117,4.472,24.6809,,0.002
885,10.477,4.866,24.5281,,0.002
889,8.834,5.121,25.3789,,0.002
891,8.92,5.777,24.9146,,0.002
893,9.003,5.188,24.6891,,0.002
895,10.194,4.956,25.1233,,0.002
896,8.307,4.683,25.2845,,0.002
898,9.403,4.998,24.5078,,0.002
900,8.195,5.823,25.3763,,0.002
902,8.538,5.046,25.1395,,0.002
915,9.705,4.723,24.5124,,0.002
921,11.795,4.594,24.8937,,0.002
925,11.952,5.674,25.3222,,0.002
927,11.174,4.115,25.2038,,0.002
929,10.584,5.991,25.1638,,0.002
930,10.6,4.218,25.11,,0.002
943,11.068,5.537,25.2401,,0.002
945,11.608,4.633,24.785,,0.002
947,11.14,5.098,25.0163,,0.002
949,8.551,4.564,24.7808,,0.002
952,10.582,4.035,25.2529,,0.002
957,11.508,5.299,24.9258,,0.002
959,9.947,4.172,24.6937,,0.002
966,10.124,4.482,25.2977,,0.002
971,9.142,4.779,24.5718,,0.002
974,11.677,4.807,25.229,,0.002
976,11.773,4.163,24.992,,0.002
980,10.606,5.77,25.3414,,0.002
982,10.874,4.02,25.3135,,0.002
987,10.447,5.835,24.6708,,0.002
990,8.258,5.07,25.3092,,0.002
991,10.793,4.214,24.7993,,0.002
993,10.007,4.354,25.0436,,0.002
999,10.374,5.969,25.3444,,0.002
1000,9.145,5.766,24.8939,,0.002
1002,11.6,5.708,24.5861,,0.002
1010,8.411,4.832,24.6403,,0.002
1011,10.88,4.737,25.1169,,0.002
1013,11.727,4.359,25.0604,,0.002
1015,9.924,5.801,24.543,,0.002
1017,11.839,5.341,24.9659,,0.002
1019,8.495,4.348,25.1053,,0.002
1021,9.323,5.024,24.8263,,0.002
1024,11.16,4.981,24.5228,,0.002
1026,10.281,5.025,24.9555,,0.002
1029,10.104,5.712,25.1025,,0.002
1044,9.454,4.094,25.3459,,0.002
1046,9.595,4.17,25.4748,,0.002
1048,11.631,5.034,25.1017,,0.002
1049,10.775,5.083,25.2918,,0.002
1050,10.261,4.548,25.4748,,0.002
1057,8.944,5.329,24.9357,,0.002
1058,8.937,5.75,25.4406,,0.002
1059,8.221,4.321,24.6813,,0.002
1061,10.692,4.761,24.8571,,0.002
1062,10.628,4.533,25.0837,,0.002
1063,8.393,5.281,25.2386,,0.002
1066,8.214,4.179,24.6973,,0.002
1067,9.254,5.547,24.7935,,0.002
1069,9.678,5.198,24.6751,,0.002
1074,10.987,5.454,25.0445,,0.002
1075,10.125,5.478,24.5439,,0.002
1079,8.288,4.592,25.3894,,0.002
1082,9.364,4.089,25.149,,0.002
1083,11.642,5.812,24.9628,,0.002
1105,9.033,5.011,24.5176,,0.002
1112,9.989,5.75,25.1635,,0.002
1113,9.67,5.444,25.1071,,0.002
1129,10.245,5.855,25.1861,,0.002
1135,8.741,4.372,25.3149,,0.002
1145,11.805,5.636,25.2986,,0.002
1146,8.446,5.907,24.9175,,0.002
1149,10.383,5.346,24.5785,,0.002
1150,9.23,5.98,25.0542,,0.002
1152,8.066,4.317,24.9061,,0.002
1158,11.649,5.916,24.8404,,0.002
1160,11.273,4.756,24.7853,,0.002
1161,8.543,5.388,25.4711,,0.002
1163,9.83,5.576,25.0957,,0.002
1174,11.97,5.295,25.468,,0.002
1176,8.759,4.047,24.965,,0.002
1181,10.586,5.038,25.0428,,0.002
1183,11.693,5.926,24.5964,,0.002
1185,9.762,5.973,24.9152,,0.002
1194,10.972,4.652,24.831,,0.002
1196,8.829,5.056,25.174,,0.002
1198,10.502,4.242,24.6898,,0.002
1200,11.427,5.616,24.5269,,0.002
1202,11.792,5.586,25.3176,,0.002
1207,9.662,4.24,25.1409,,0.002
1208,9.076,5.026,24.8574,,0.002
1210,8.939,4.736,25.2155,,0.002
1216,10.396,4.077,24.999,,0.002
1218,10.75,4.214,25.3046,,0.002
1219,11.77,5.577,24.6613,,0.002
1220,9.814,4.441,24.6186,,0.002
1224,8.61,5.416,24.5326,,0.002
1228,10.376,4.631,24.9964,,0.002
1236,10.065,5.426,25.4107,,0.002
1238,8.278,5.609,25.0162,,0.002
1240,9.211,4.51,24.7898,,0.002
1246,11.609,4.116,24.5088,,0.002
1247,10.718,4.587,24.7892,,0.002
1250,9.36,4.056,24.6142,,0.002
1257,8.432,4.933,25.1796,,0.002
1259,9.335,5.503,24.5569,,0.002
1261,11.904,5.081,24.8162,,0.002
1264,11.191,4.238,24.5876,,0.002
1268,11.455,4.931,25.2686,,0.002
1275,8.76,5.239,25.3721,,0.002
1277,9.335,5.874,24.5737,,0.002
1278,9.532,5.294,24.8881,,0.002
1281,11.555,4.89,24.9145,,0.002
1287,9.282,4.634,25.1449,,0.002
1289,9.181,5.141,24.7725,,0.002
1291,9.307,4.571,24.9191,,0.002
1293,9.279,4.833,25.253,,0.002
1298,11.66,5.566,24.7495,,0.002
1300,11.86,5.743,24.7298,,0.002
1302,9.823,5.969,24.6512,,0.002
1306,11.075,4.541,25.3058,,0.002
1308,11.191,4.048,25.0352,,0.002
1314,9.559,5.509,24.9957,,0.002
1317,9.4,5.66,25.1608,,0.002
1319,11.145,4.074,25.44,,0.002
1320,11.099,5.4,25.4878,,0.002
1322,8.404,5.121,24.8472,,0.002
1324,9.244,4.412,24.7803,,0.002
1326,9.76,5.794,25.3197,,0.002
1328,8.217,5.28,24.8024,,0.002
1330,9.276,4.126,24.8378,,0.002
1332,9.666,4.283,24.5832,,0.002
1334,10.838,4.187,24.5053,,0.002
1341,9.567,5.402,25.1498,,0.002
1347,8.862,4.907,24.9523,,0.002
1348,8.325,5.509,24.8337,,0.002
1352,8.096,4.002,24.7114,,0.002
1361,11.189,4.171,24.7835,,0.002
1363,8.394,5.948,25.2243,,0.002
1376,9.622,5.486,25.0895,,0.002
1379,10.248,4.555,25.0596,,0.002
1392,9.895,4.105,24.7971,,0.002
1393,9.106,4.576,25.2088,,0.002
1395,9.924,4.962,25.2485,,0.002
1399,10.508,4.415,24.7124,,0.002
1402,10.552,5.006,24.5657,,0.002
1404,10.053,4.11,25.3266,,0.002
1406,11.581,5.24,24.565,,0.002
1408,10.629,4.113,24.9026,,0.002
1410,11.787,5.769,24.7282,,0.002
1413,9.461,5.107,25.4483,,0.002
1417,8.709,4.488,24.6947,,0.002
1418,8.259,5.674,24.997,,0.002
1419,8.213,5.417,24.781,,0.002
1421,9.194,4.297,25.0729,,0.002
1422,9.217,4.293,24.6671,,0.002
1425,11.557,5.524,25.0912,,0.002
1429,9.498,4.296,24.6119,,0.002
1431,10.744,4.279,24.6797,,0.002
1433,8.516,4.007,25.0141,,0.002
1435,8.531,5.157,24.8971,,0.002
1439,11.473,5.449,25.0191,,0.002
1441,9.107,4.459,25.2164,,0.002
1443,11.984,5.025,25.3198,,0.002
1445,11.17,4.679,25.2198,,0.002
1449,11.241,4.392,25.2602,,0.002
1451,9.466,5.156,24.6214,,0.002
1458,9.091,4.189,24.9821,,0.002
1461,8.247,5.707,25.3049,,0.002
1465,8.488,5.357,24.9084,,0.002
1467,11.057,5.693,25.363,,0.002
1475,11.263,5.019,24.7306,,0.002
1483,8.694,4.34,24.9429,,0.002
1489,9.404,5.464,25.1486,,0.002
1494,8.806,4.408,24.9024,,0.002
1495,8.133,4.675,24.5726,,0.002
1506,8.01,4.408,25.3118,,0.002
1508,10.84,4.774,25.084,,0.002
1515,9.658,5.493,24.6033,,0.002
1517,10.321,4.092,24.5097,,0.002
1519,10.359,4.963,25.2687,,0.002
1522,9.914,4.858,25.2881,,0.002
1524,11.455,5.471,24.8421,,0.002
1526,8.173,4.094,24.6871,,0.002
1529,11.964,5.051,25.1872,,0.002
1531,8.371,4.361,25.1924,,0.002
1533,8.648,4.953,24.5446,,0.002
1535,8.693,4.427,24.9777,,0.002
1539,10.405,4.994,25.4377,,0.002
1551,8.743,5.278,25.2712,,0.002
1559,8.648,6,24.9152,,0.002
1561,8.358,5.037,24.5818,,0.002
1563,9.231,5.864,24.6832,,0.002
1565,10.053,5.598,24.6789,,0.002
1567,9.438,5.207,25.1217,,0.002
1569,8.918,4.732,25.4376,,0.002
1579,9.708,5.717,24.6219,,0.002
1580,8.244,5.192,24.5335,,0.002
1581,10.833,4.356,24.623,,0.002
1586,10.184,5.184,24.6881,,0.002
1590,9.921,5.247,24.7645,,0.002
1592,8.776,4.4,25.2487,,0.002
1594,8.902,4.989,24.9454,,0.002
1598,8.04,5.509,25.4732,,0.002
1599,11.718,5.199,24.9124,,0.002
1601,10.065,5.42,25.014,,0.002
1607,10.011,4.459,24.8312,,0.002
1612,9.294,5.778,25.3677,,0.002
1622,11.232,5.758,25.242,,0.002
1625,9.055,4.287,24.8953,,0.002
1627,11.449,4.157,25.2376,,0.002
1629,10.953,4.76,24.5428,,0.002
1632,10.284,4.472,24.8999,,0.002
1637,8.602,4.051,24.5992,,0.002
1641,8.253,5.197,25.0554,,0.002
1643,9.544,5.35,25.4669,,0.002
1644,11.185,5.458,25.2223,,0.002
1645,10.254,4.854,25.3717,,0.002
1647,8.633,5.209,25.428,,0.002
1656,9.087,4.523,25.1764,,0.002
1663,8.494,5.576,24.8499,,0.002
1668,9.971,4.984,24.9608,,0.002
1670,9.059,5.799,25.4767,,0.002
1672,9.638,5.734,24.5103,,0.002
1674,8.01,5.379,25.3354,,0.002
1678,10.236,4.402,24.6347,,0.002
1679,10.258,4.523,25.2453,,0.002
1682,10.514,5.817,25.4467,,0.002
1686,9.927,4.003,24.5426,,0.002
1689,10.226,4.533,24.8595,,0.002
1691,9.1,5.401,25.0663,,0.002
1693,10.271,5.379,24.8926,,0.002
1697,11.865,5.817,25.0047,,0.002
1698,10.142,4.441,25.337,,0.002
1700,11.133,5.334,25.0738,,0.002
1701,8.775,5.179,24.9538,,0.002
1706,10.496,5.069,25.1736,,0.002
1708,11.412,4.461,24.8345,,0.002
1716,11.012,5.518,24.7353,,0.002
1718,11.366,5.216,25.2803,,0.002
1725,8.453,4.667,24.7808,,0.002
1727,11.318,4.809,25.0832,,0.002
1729,10.932,4.354,24.5137,,0.002
1731,10.532,5.239,25.0591,,0.002
1733,9.77,4.567,24.6758,,0.002
1736,10.378,5.696,24.7851,,0.002
1741,9.094,5.48,24.9358,,0.002
1745,9.593,4.694,24.6149,,0.002
1749,10.437,4.723,25.3706,,0.002
1750,8.317,5.859,25.2065,,0.002
1751,8.249,5.325,24.6136,,0.002
1764,11.756,5.872,25.158,,0.002
1766,10.288,4.808,24.7818,,0.002
1774,10.469,5.22,25.4604,,0.002
1779,10.848,4.813,25.1181,,0.002
1783,11.249,5.284,24.5756,,0.002
1791,9.278,4.706,25.1209,,0.002
1792,11.607,5.927,24.7797,,0.002
1794,8.743,5.568,25.0968,,0.002
1795,11.046,4.551,25.4015,,0.002
1797,8.806,4.063,25.4693,,0.002
1798,11.617,4.795,25.4366,,0.002
1800,10.088,5.377,24.7345,,0.002
1808,10.301,4.859,25.4,,0.002
1810,9.127,5.666,25.1899,,0.002
1814,8.173,4.159,24.8855,,0.002
1818,8.236,5.877,24.8471,,0.002
1824,8.885,5.557,25.3088,,0.002
1834,8.702,4.512,24.7217,,0.002
1839,10.203,5.415,24.9675,,0.002
1841,10.79,5.012,25.259,,0.002
1842,9.459,4.386,25.3339,,0.002
1846,10.547,4.14,24.9424,,0.002
1848,11.688,5.223,24.6459,,0.002
1860,10.717,4.752,24.7254,,0.002
1862,10.429,4.655,24.7002,,0.002
1866,8.404,4.965,24.6169,,0.002
1868,9.872,4.812,24.5806,,0.002
1874,9.206,4.56,24.7999,,0.002
1875,9.621,5.477,25.1286,,0.002
1879,11.009,5.323,25.0937,,0.002
1883,9.109,4.45,24.7602,,0.002
1886,11.37,4.619,24.6848,,0.002
1889,9.995,4.693,24.9264,,0.002
1895,8.991,4.714,24.5091,,0.002
1899,8.265,5.264,24.8348,,0.002
1901,8.532,4.205,25.4752,,0.002
1903,11.364,5.143,24.5448,,0.002
1907,10.915,5.078,24.5854,,0.002
1915,9.095,5.624,24.5114,,0.002
1916,10.272,4.631,25.2349,,0.002
1919,9.95,5.1,24.7849,,0.002
1926,8.691,4.23,25.397,,0.002
1927,11.98,4.186,24.913,,0.002
1929,10.959,4.439,25.4028,,0.002
1932,9.095,5.766,24.6362,,0.002
1943,10.707,4.92,24.6717,,0.002
1945,11.329,5.229,24.6069,,0.002
1948,9.581,4.589,25.1731,,0.002
1951,10.854,5.512,24.7779,,0.002
1958,9.383,4.563,24.7879,,0.002
1966,8.98,4.273,24.5227,,0.002
1969,9.305,4.281,25.4768,,0.002
1975,8.088,5.52,25.1351,,0.002
1977,10.198,4.67,25.3025,,0.002
1979,9.693,4.807,24.6065,,0.002
1980,8.357,5.646,24.8432,,0.002
1981,8.24,4.07,25.0966,,0.002
1983,11.619,4.004,25.1925,,0.002
1986,10.721,4.986,24.5282,,0.002
1987,9.916,4.875,25.2354,,0.002
1988,10.442,4.741,24.6737,,0.002
1995,8.516,4.664,25.0541,,0.002
1999,9.231,4.41,25.0585,,0.002
2007,11.858,5.515,24.9755,,0.002
2009,9.98,4.016,25.0215,,0.002
2011,11.405,4.301,25.0289,,0.002
2013,8.589,4.293,25.1482,,0.002
2015,9.633,5.793,25.2285,,0.002
2017,10.749,5.51,24.7925,,0.002
2019,11.093,5.879,24.6825,,0.002
2025,11.028,4.824,24.9542,,0.002
2028,11.887,5.18,25.1644,,0.002
2032,8.007,5.658,25.143,,0.002
2036,9.556,5.62,24.9948,,0.002
2040,11.965,4.613,25.388,,0.002
2043,9.845,5.995,24.7064,,0.002
2045,9.303,5.584,24.8053,,0.002
2046,9.812,5.551,24.9394,,0.002
2048,11.903,5.344,25.3524,,0.002
2050,10.062,5.865,25.1952,,0.002
2052,8.415,4.223,25.471,,0.002
2058,11.723,5.476,24.8155,,0.002
2060,11.243,5.118,24.9019,,0.002
2062,9.65,5.957,24.7589,,0.002
2064,8.768,5.731,25.037,,0.002
2068,11.201,5.425,25.4054,,0.002
2069,9.779,4.347,24.6283,,0.002
2072,10.038,5.186,25.285,,0.002
2080,10.17,4.016,25.006,,0.002
2082,10.121,5.466,25.0735,,0.002
2083,9.367,4.087,25.4879,,0.002
2086,9.914,5.641,24.6179,,0.002
2090,8.709,4.23,25.1364,,0.002
2094,9.727,4.627,25.0174,,0.002
2096,11.833,5.394,25.094,,0.002
2099,10.605,4.84,25.1554,,0.002
2106,9.058,4.453,25.3704,,0.002
2108,10.296,4.655,24.9091,,0.002
2110,10.15,4.541,24.7603,,0.002
2112,10.367,5.021,25.3,,0.002
2114,9.74,5.196,24.9056,,0.002
2117,8.863,4.638,24.9249,,0.002
2123,10.615,5.402,24.6013,,0.002
2125,11.415,4.184,24.5408,,0.002
2129,10.537,4.011,25.1023,,0.002
2131,10.794,4.067,24.6245,,0.002
2134,11.174,4.988,25.4888,,0.002
2136,10.113,4.965,24.8749,,0.002
2140,10.54,4.01,25.0298,,0.002
2142,9.649,4.072,24.6831,,0.002
2146,9.355,5.475,25.0907,,0.002
2148,8.245,5.882,24.5105,,0.002
2150,8.628,4.205,24.8519,,0.002
2167,10.287,4.514,24.5451,,0.002
2170,8.448,4.307,25.4995,,0.002
2175,9.174,4.071,25.0477,,0.002
2177,8.528,4.498,24.9083,,0.002
2179,8.757,5.317,24.5464,,0.002
2181,11.279,4.696,25.3799,,0.002
2185,8.249,5.069,25.3189,,0.002
2191,8.991,4.447,24.6664,,0.002
2194,10.863,5.29,25.395,,0.002
2195,10.299,4.568,25.3379,,0.002
2198,11.631,4.219,24.8912,,0.002
2202,9.637,4.935,25.0069,,0.002
2205,10.187,4.025,24.899,,0.002
2207,11.226,5.616,25.3203,,0.002
2209,8.172,5.548,25.1623,,0.002
2211,10.052,4.947,24.8767,,0.002
2213,11.847,4.602,24.7162,,0.002
2215,11.323,4.988,25.1776,,0.002
2217,8.739,4.184,24.5683,,0.002
2223,10.425,4.475,25.1646,,0.002
2225,11.37,5.2,25.3244,,0.002
2227,9.199,5.746,25.4867,,0.002
2231,11.15,4.884,24.8679,,0.002
2234,9.124,5.278,24.7609,,0.002
2236,9.437,4.974,25.4111,,0.002
2237,8.199,4.586,24.5065,,0.002
2242,11.545,5.416,25.4503,,0.002
2244,8.6,5.295,25.2792,,0.002
2245,10.053,4.466,25.3585,,0.002
2249,8.895,5.742,25.442,,0.002
2250,10.877,4.468,24.8442,,0.002
2260,11.9,4.932,24.5099,,0.002
2264,9.956,4.536,24.9578,,0.002
2267,8.862,4.294,25.1731,,0.002
2272,10.613,4.458,25.0719,,0.002
2285,9.445,5.029,24.8183,,0.002
2287,8.352,5.884,24.5686,,0.002
2291,9.061,4.109,24.5471,,0.002
2297,8.79,5.036,24.68,,0.002
2299,11.224,4.888,25.1031,,0.002
2303,9.112,4.208,25.1787,,0.002
2314,8.422,4.127,25.1025,,0.002
2318,10.781,5.726,25.1584,,0.002
2335,9.916,5.309,24.5087,,0.002
2336,11.468,4.145,25.3251,,0.002
2351,8.594,5.405,24.81,,0.002
2363,11.368,4.429,24.9075,,0.002
2372,11.128,5.437,24.7435,,0.002
2374,10.674,5.8,24.9182,,0.002
2376,11.866,5.806,24.8844,,0.002
2403,10.783,5.875,25.1834,,0.002
2407,10.937,5.952,24.6847,,0.002
2409,9.612,5.446,24.6038,,0.002
2413,10.864,5.986,25.1164,,0.002
2421,9.376,4.376,25.2747,,0.002
2422,11.869,5.161,24.7966,,0.002
2430,11.84,4.254,25.0595,,0.002
2434,10.396,4.688,25.2821,,0.002
2438,9.406,4.062,24.5141,,0.002
2443,10.151,4.863,24.6822,,0.002
2445,11.3,4.73,25.0397,,0.002
2447,10.52,5.618,25.3515,,0.002
2449,8.656,5.876,24.5447,,0.002
2451,8.21,5.923,24.5393,,0.002
2452,10.488,5.866,25.3045,,0.002
2461,8.613,5.151,25.4858,,0.002
2463,10.014,4.079,24.7081,,0.002
2465,10.326,4.97,25.4439,,0.002
2466,8.444,4.103,24.6166,,0.002
2467,11.944,4.741,25.2336,,0.002
2473,8.805,4.331,24.5979,,0.002
2474,10.403,5.023,24.6036,,0.002
2477,11.11,5.714,25.312,,0.002
2484,10.73,5.637,24.8282,,0.002
2486,11.621,4.696,24.5455,,0.002
2489,8.232,5.861,24.68,,0.002
2500,8.683,4.388,24.7744,,0.002
2502,10.519,5.32,25.4546,,0.002
2508,11.748,5.532,24.5465,,0.002
2509,9.712,4.443,24.6168,,0.002
2510,9.708,4.476,24.6759,,0.002
2513,10.26,4.844,24.7691,,0.002
2516,11.571,5.147,24.8921,,0.002
2517,11.91,4.583,24.5609,,0.002
2518,8.421,4.61,25.291,,0.002
2523,9.898,4.716,24.5413,,0.002
2527,9.034,5.825,24.8423,,0.002
2533,10.786,4.637,25.2525,,0.002
2536,9.076,5.36,25.3596,,0.002
2537,10.187,5.228,24.656,,0.002
2546,9.393,4.336,25.4872,,0.002
2547,10.392,4.271,24.6727,,0.002
2548,9.747,5.573,25.3563,,0.002
2551,10.815,4.954,24.6152,,0.002
2555,11.751,4.43,25.0367,,0.002
2559,11.394,4.931,24.9963,,0.002
2566,8.089,4.001,25.2782,,0.002
2571,11.217,5.424,24.8343,,0.002
2575,9.024,5.213,25.1567,,0.002
2580,9.642,4.718,24.6478,,0.002
2582,10.504,4.583,24.7545,,0.002
2585,10.157,5.163,25.2669,,0.002
2586,11,5.017,25.0288,,0.002
2587,11.162,4.614,25.4078,,0.002
2588,9.125,4.394,24.7967,,0.002
2589,8.436,4.866,24.9986,,0.002
2590,10.167,5.71,24.5191,,0.002
2591,9.906,4.891,25.2042,,0.002
2592,8.596,4.954,25.2751,,0.002
2600,11.823,4.368,24.7826,,0.002
2605,9.208,4.178,24.6869,,0.002
2625,10.768,5.314,25.1081,,0.002
2626,8.568,5.132,24.6331,,0.002
2627,11.298,5.228,25.363,,0.002
2631,8.38,5.456,25.0003,,0.002
2636,9.258,5.926,25.4444,,0.002
2639,10.412,5.802,24.7526,,0.002
2641,9.671,5.154,25.05,,0.002
2642,8.185,5.881,25.1342,,0.002
2644,8.693,4.79,24.8981,,0.002
2647,11.463,5.745,25.0191,,0.002
2648,10.838,5.123,24.7034,,0.002
2649,8.407,5.475,24.7926,,0.002
2652,11.532,5.257,24.997,,0.002
2672,11.941,5.012,24.5292,,0.002
2673,9.481,4.566,25.0325,,0.002
2674,9.949,5.997,25.4302,,0.002
2685,11.521,5.727,24.5564,,0.002
2687,8.647,4.12,24.8314,,0.002
2691,9.236,4.255,24.6234,,0.002
2693,10.503,5.395,25.1262,,0.002
2694,8.065,4.424,25.1689,,0.002
2699,11.492,5.328,25.1674,,0.002
2707,11.083,4.676,24.9497,,0.002
2713,9.036,4.857,25.2196,,0.002
2715,10.324,4.305,25.0979,,0.002
2719,10.467,4.3,25.3918,,0.002
2726,11.507,4.9,24.732,,0.002
2740,9.554,4.966,25.0897,,0.002
2741,10.994,4.987,25.1452,,0.002
2750,10.459,5.963,24.8357,,0.002
2762,11.75,4.879,24.714,,0.002
2772,9.959,5.48,25.2798,,0.002
2773,10.078,4.058,24.5876,,0.002
2775,10.213,4.659,25.4508,,0.002
2776,10.625,5.543,24.5553,,0.002
2780,9.483,4.161,25.3849,,0.002
2787,9.031,5.473,25.328,,0.002
2788,11.338,4.101,25.2193,,0.002
2789,8.659,5.299,24.7,,0.002
2790,11.339,5.171,24.5867,,0.002
2791,11.646,5.171,24.6635,,0.002
2792,11.723,5.856,25.0675,,0.002
2793,8.212,5.938,25.4521,,0.002
2794,9.097,5.34,24.517,,0.002
2796,9.35,4.146,24.7795,,0.002
2798,8.408,5.527,24.9285,,0.002
2799,9.657,4.745,25.3995,,0.002
2800,9.665,5.995,24.5741,,0.002
2802,10.047,5.448,24.6222,,0.002
2804,11.661,5.831,25.0263,,0.002
2805,9.43,5.964,24.5044,,0.002
2806,9.552,5.157,25.0258,,0.002
2807,11.35,4.897,24.7622,,0.002
2808,10.048,5.859,24.6607,,0.002
2809,9.595,4.886,24.9268,,0.002
2810,8.863,4.093,25.0139,,0.002
2811,10.322,4.354,24.7249,,0.002
2812,9.201,4.089,24.5416,,0.002
2814,10.201,5.406,25.2176,,0.002
2815,8.194,5.559,24.6678,,0.002
2816,8.76,4.218,25.2842,,0.002
2817,11.707,4.787,25.3333,,0.002
2820,10.382,5.771,24.8,,0.002
2821,10.136,4.307,24.6498,,0.002
2823,9.595,5.614,25.006,,0.002
2828,10.546,5.541,25.1505,,0.002
2835,10.299,4.71,25.0806,,0.002
2849,11.83,4.161,25.4146,,0.002
2853,11.006,5.452,25.0968,,0.002
2864,11.785,5.035,24.8852,,0.002
2865,9.458,5.262,24.9271,,0.002
2868,9.208,4.454,25.3779,,0.002
2878,10.459,5.467,25.1571,,0.002
2885,9.18,5.685,25.2839,,0.002
2887,10.599,5.134,24.9399,,0.002
2901,10.719,4.079,24.6766,,0.002
2907,9.571,4.195,25.1995,,0.002
2909,8.996,4.897,24.8525,,0.002
2910,8.49,4.96,24.6606,,0.002
2911,8.938,4.027,25.4949,,0.002
2913,11.103,5.498,24.8264,,0.002
2915,8.322,5.404,25.4115,,0.002
2917,10.245,5.812,24.5289,,0.002
2921,10.81,5.474,25.1917,,0.002
2925,10.045,5.586,24.978,,0.002
2927,10.503,5.882,25.2505,,0.002
2929,8.784,4.612,24.8338,,0.002
2933,11.835,5.958,25.4935,,0.002
2939,8.009,4.828,25.1866,,0.002
2941,10.942,5.23,25.0755,,0.002
2945,11.525,5.002,24.5558,,0.002
2951,8.935,4.838,24.9833,,0.002
2956,9.75,5.865,24.7573,,0.002
2960,8.531,4.322,25.3017,,0.002
2961,10.414,4.341,24.8709,,0.002
2963,11.36,4.425,24.5375,,0.002
2964,8.873,5.896,24.5801,,0.002
2968,9.583,4.325,25.237,,0.002
2970,8.131,4.997,25.2312,,0.002
2971,8.071,5.096,24.8886,,0.002
2972,9.448,5.165,25.4481,,0.002
2973,10.611,5.661,25.3107,,0.002
2974,11.071,4.482,25.3031,,0.002
2976,11.236,5.766,24.6918,,0.002
2979,10.612,5.325,25.2306,,0.002
2980,11.884,4.967,24.5244,,0.002
2981,11.09,4.034,25.1087,,0.002
2983,10.415,5.583,24.6276,,0.002
2988,9.523,5.013,24.8281,,0.002
2992,8.47,5.986,25.09,,0.002
2994,11.371,5.802,25.0045,,0.002
2999,9.611,4.348,25.0197,,0.002